{
  "fio version" : "fio-3.36",
  "timestamp" : 1768379391,
  "timestamp_ms" : 1768379391959,
  "time" : "Wed Jan 14 17:29:51 2026",
  "jobs" : [
    {
      "jobname" : "rs128k_rand_mix_tput",
      "groupid" : 0,
      "job_start" : 1768379091854,
      "error" : 0,
      "eta" : 0,
      "elapsed" : 301,
      "job options" : {
        "name" : "rs128k_rand_mix_tput",
        "directory" : "/tank/testpool",
        "ioengine" : "io_uring",
        "direct" : "1",
        "rw" : "randrw",
        "rwmixread" : "70",
        "bs" : "8k",
        "size" : "10g",
        "numjobs" : "8",
        "iodepth" : "32",
        "runtime" : "300"
      },
      "read" : {
        "io_bytes" : 9755721728,
        "io_kbytes" : 9527072,
        "bw_bytes" : 32509102,
        "bw" : 31747,
        "iops" : 3968.396358,
        "runtime" : 300092,
        "total_ios" : 1190884,
        "short_ios" : 0,
        "drop_ios" : 0,
        "slat_ns" : {
          "min" : 711,
          "max" : 519217,
          "mean" : 4829.073730,
          "stddev" : 3280.844894,
          "N" : 1190884
        },
        "clat_ns" : {
          "min" : 160,
          "max" : 93840381,
          "mean" : 2421329.598201,
          "stddev" : 2569225.945712,
          "N" : 1190884,
          "percentile" : {
            "1.000000" : 34560,
            "5.000000" : 42240,
            "10.000000" : 53504,
            "20.000000" : 61696,
            "30.000000" : 67072,
            "40.000000" : 74240,
            "50.000000" : 100864,
            "60.000000" : 4227072,
            "70.000000" : 4751360,
            "80.000000" : 5144576,
            "90.000000" : 5668864,
            "95.000000" : 6127616,
            "99.000000" : 7045120,
            "99.500000" : 7438336,
            "99.900000" : 8159232,
            "99.950000" : 8454144,
            "99.990000" : 10289152
          }
        },
        "lat_ns" : {
          "min" : 12529,
          "max" : 93849024,
          "mean" : 2426158.671931,
          "stddev" : 2569945.982239,
          "N" : 1190884
        },
        "bw_min" : 16615,
        "bw_max" : 671968,
        "bw_agg" : 100.000000,
        "bw_mean" : 31782.702838,
        "bw_dev" : 3627.810418,
        "bw_samples" : 4792,
        "iops_min" : 2076,
        "iops_max" : 83996,
        "iops_mean" : 3972.395659,
        "iops_stddev" : 453.484711,
        "iops_samples" : 4792
      },
      "write" : {
        "io_bytes" : 4179820544,
        "io_kbytes" : 4081856,
        "bw_bytes" : 13928463,
        "bw" : 13602,
        "iops" : 1700.251923,
        "runtime" : 300092,
        "total_ios" : 510232,
        "short_ios" : 0,
        "drop_ios" : 0,
        "slat_ns" : {
          "min" : 712,
          "max" : 441629,
          "mean" : 4963.338973,
          "stddev" : 3242.707266,
          "N" : 510232
        },
        "clat_ns" : {
          "min" : 149156,
          "max" : 288860952,
          "mean" : 144889918.334217,
          "stddev" : 33967879.331058,
          "N" : 510232,
          "percentile" : {
            "1.000000" : 626688,
            "5.000000" : 106430464,
            "10.000000" : 123207680,
            "20.000000" : 132644864,
            "30.000000" : 137363456,
            "40.000000" : 141557760,
            "50.000000" : 145752064,
            "60.000000" : 152043520,
            "70.000000" : 158334976,
            "80.000000" : 166723584,
            "90.000000" : 177209344,
            "95.000000" : 187695104,
            "99.000000" : 210763776,
            "99.500000" : 217055232,
            "99.900000" : 225443840,
            "99.950000" : 227540992,
            "99.990000" : 235929600
          }
        },
        "lat_ns" : {
          "min" : 151069,
          "max" : 288870867,
          "mean" : 144894881.673191,
          "stddev" : 33968236.435505,
          "N" : 510232
        },
        "bw_min" : 8896,
        "bw_max" : 285520,
        "bw_agg" : 100.000000,
        "bw_mean" : 13610.928214,
        "bw_dev" : 1520.196169,
        "bw_samples" : 4792,
        "iops_min" : 1112,
        "iops_max" : 35690,
        "iops_mean" : 1701.105175,
        "iops_stddev" : 190.027126,
        "iops_samples" : 4792
      },
      "trim" : {
        "io_bytes" : 0,
        "io_kbytes" : 0,
        "bw_bytes" : 0,
        "bw" : 0,
        "iops" : 0.000000,
        "runtime" : 0,
        "total_ios" : 0,
        "short_ios" : 0,
        "drop_ios" : 0,
        "slat_ns" : {
          "min" : 0,
          "max" : 0,
          "mean" : 0.000000,
          "stddev" : 0.000000,
          "N" : 0
        },
        "clat_ns" : {
          "min" : 0,
          "max" : 0,
          "mean" : 0.000000,
          "stddev" : 0.000000,
          "N" : 0
        },
        "lat_ns" : {
          "min" : 0,
          "max" : 0,
          "mean" : 0.000000,
          "stddev" : 0.000000,
          "N" : 0
        },
        "bw_min" : 0,
        "bw_max" : 0,
        "bw_agg" : 0.000000,
        "bw_mean" : 0.000000,
        "bw_dev" : 0.000000,
        "bw_samples" : 0,
        "iops_min" : 0,
        "iops_max" : 0,
        "iops_mean" : 0.000000,
        "iops_stddev" : 0.000000,
        "iops_samples" : 0
      },
      "sync" : {
        "total_ios" : 0,
        "lat_ns" : {
          "min" : 0,
          "max" : 0,
          "mean" : 0.000000,
          "stddev" : 0.000000,
          "N" : 0
        }
      },
      "job_runtime" : 2400715,
      "usr_cpu" : 0.356894,
      "sys_cpu" : 1.197727,
      "ctx" : 2386583,
      "majf" : 0,
      "minf" : 955,
      "iodepth_level" : {
        "1" : 0.100000,
        "2" : 0.100000,
        "4" : 0.100000,
        "8" : 0.100000,
        "16" : 0.100000,
        "32" : 99.985421,
        ">=64" : 0.000000
      },
      "iodepth_submit" : {
        "0" : 0.000000,
        "4" : 100.000000,
        "8" : 0.000000,
        "16" : 0.000000,
        "32" : 0.000000,
        "64" : 0.000000,
        ">=64" : 0.000000
      },
      "iodepth_complete" : {
        "0" : 0.000000,
        "4" : 99.999530,
        "8" : 0.000000,
        "16" : 0.000000,
        "32" : 0.100000,
        "64" : 0.000000,
        ">=64" : 0.000000
      },
      "latency_ns" : {
        "2" : 0.000000,
        "4" : 0.000000,
        "10" : 0.000000,
        "20" : 0.000000,
        "50" : 0.000000,
        "100" : 0.000000,
        "250" : 0.010000,
        "500" : 0.000000,
        "750" : 0.000000,
        "1000" : 0.010000
      },
      "latency_us" : {
        "2" : 0.010000,
        "4" : 0.010000,
        "10" : 0.010000,
        "20" : 0.010000,
        "50" : 6.072131,
        "100" : 28.823725,
        "250" : 1.092283,
        "500" : 0.223912,
        "750" : 0.746040,
        "1000" : 0.278641
      },
      "latency_ms" : {
        "2" : 0.834041,
        "4" : 2.571430,
        "10" : 30.250436,
        "20" : 0.068602,
        "50" : 0.084004,
        "100" : 0.337719,
        "250" : 28.606515,
        "500" : 0.010000,
        "750" : 0.000000,
        "1000" : 0.000000,
        "2000" : 0.000000,
        ">=2000" : 0.000000
      },
      "latency_depth" : 32,
      "latency_target" : 0,
      "latency_percentile" : 100.000000,
      "latency_window" : 0
    }
  ]
}
