{
  "fio version" : "fio-3.36",
  "timestamp" : 1768377884,
  "timestamp_ms" : 1768377884912,
  "time" : "Wed Jan 14 17:04:44 2026",
  "jobs" : [
    {
      "jobname" : "rs128k_rand_mix_bal",
      "groupid" : 0,
      "job_start" : 1768377573031,
      "error" : 0,
      "eta" : 0,
      "elapsed" : 313,
      "job options" : {
        "name" : "rs128k_rand_mix_bal",
        "directory" : "/tank/testpool",
        "ioengine" : "io_uring",
        "direct" : "1",
        "rw" : "randrw",
        "rwmixread" : "70",
        "bs" : "8k",
        "size" : "10g",
        "numjobs" : "4",
        "iodepth" : "16",
        "runtime" : "300"
      },
      "read" : {
        "io_bytes" : 5677531136,
        "io_kbytes" : 5544464,
        "bw_bytes" : 18205150,
        "bw" : 17778,
        "iops" : 2222.308442,
        "runtime" : 311864,
        "total_ios" : 693058,
        "short_ios" : 0,
        "drop_ios" : 0,
        "slat_ns" : {
          "min" : 681,
          "max" : 124178,
          "mean" : 2014.095771,
          "stddev" : 1014.206836,
          "N" : 693058
        },
        "clat_ns" : {
          "min" : 2674,
          "max" : 15655509427,
          "mean" : 1681975.319553,
          "stddev" : 122194695.707335,
          "N" : 693058,
          "percentile" : {
            "1.000000" : 30336,
            "5.000000" : 89600,
            "10.000000" : 148480,
            "20.000000" : 185344,
            "30.000000" : 203776,
            "40.000000" : 218112,
            "50.000000" : 232448,
            "60.000000" : 246784,
            "70.000000" : 264192,
            "80.000000" : 292864,
            "90.000000" : 411648,
            "95.000000" : 485376,
            "99.000000" : 626688,
            "99.500000" : 692224,
            "99.900000" : 946176,
            "99.950000" : 1138688,
            "99.990000" : 7952400384
          }
        },
        "lat_ns" : {
          "min" : 9774,
          "max" : 15655512462,
          "mean" : 1683989.415325,
          "stddev" : 122194701.581374,
          "N" : 693058
        },
        "bw_min" : 4368,
        "bw_max" : 554368,
        "bw_agg" : 100.000000,
        "bw_mean" : 268802.926829,
        "bw_dev" : 34567.291664,
        "bw_samples" : 165,
        "iops_min" : 546,
        "iops_max" : 69296,
        "iops_mean" : 33600.365854,
        "iops_stddev" : 4320.911458,
        "iops_samples" : 165
      },
      "write" : {
        "io_bytes" : 2440773632,
        "io_kbytes" : 2383568,
        "bw_bytes" : 7826403,
        "bw" : 7642,
        "iops" : 955.371572,
        "runtime" : 311864,
        "total_ios" : 297946,
        "short_ios" : 0,
        "drop_ios" : 0,
        "slat_ns" : {
          "min" : 681,
          "max" : 102946,
          "mean" : 2171.892289,
          "stddev" : 1048.944265,
          "N" : 297946
        },
        "clat_ns" : {
          "min" : 36345,
          "max" : 15656444424,
          "mean" : 63068283.374286,
          "stddev" : 801044173.376426,
          "N" : 297946,
          "percentile" : {
            "1.000000" : 119296,
            "5.000000" : 158720,
            "10.000000" : 179200,
            "20.000000" : 205824,
            "30.000000" : 226304,
            "40.000000" : 242688,
            "50.000000" : 261120,
            "60.000000" : 280576,
            "70.000000" : 305152,
            "80.000000" : 342016,
            "90.000000" : 411648,
            "95.000000" : 493568,
            "99.000000" : 954368,
            "99.500000" : 7415529472,
            "99.900000" : 12280922112,
            "99.950000" : 14294188032,
            "99.990000" : 15636365312
          }
        },
        "lat_ns" : {
          "min" : 39179,
          "max" : 15656445906,
          "mean" : 63070455.266575,
          "stddev" : 801044204.544311,
          "N" : 297946
        },
        "bw_min" : 3520,
        "bw_max" : 240192,
        "bw_agg" : 100.000000,
        "bw_mean" : 116248.195122,
        "bw_dev" : 14766.544905,
        "bw_samples" : 164,
        "iops_min" : 440,
        "iops_max" : 30024,
        "iops_mean" : 14531.024390,
        "iops_stddev" : 1845.818113,
        "iops_samples" : 164
      },
      "trim" : {
        "io_bytes" : 0,
        "io_kbytes" : 0,
        "bw_bytes" : 0,
        "bw" : 0,
        "iops" : 0.000000,
        "runtime" : 0,
        "total_ios" : 0,
        "short_ios" : 0,
        "drop_ios" : 0,
        "slat_ns" : {
          "min" : 0,
          "max" : 0,
          "mean" : 0.000000,
          "stddev" : 0.000000,
          "N" : 0
        },
        "clat_ns" : {
          "min" : 0,
          "max" : 0,
          "mean" : 0.000000,
          "stddev" : 0.000000,
          "N" : 0
        },
        "lat_ns" : {
          "min" : 0,
          "max" : 0,
          "mean" : 0.000000,
          "stddev" : 0.000000,
          "N" : 0
        },
        "bw_min" : 0,
        "bw_max" : 0,
        "bw_agg" : 0.000000,
        "bw_mean" : 0.000000,
        "bw_dev" : 0.000000,
        "bw_samples" : 0,
        "iops_min" : 0,
        "iops_max" : 0,
        "iops_mean" : 0.000000,
        "iops_stddev" : 0.000000,
        "iops_samples" : 0
      },
      "sync" : {
        "total_ios" : 0,
        "lat_ns" : {
          "min" : 0,
          "max" : 0,
          "mean" : 0.000000,
          "stddev" : 0.000000,
          "N" : 0
        }
      },
      "job_runtime" : 1247452,
      "usr_cpu" : 0.139003,
      "sys_cpu" : 0.453565,
      "ctx" : 607307,
      "majf" : 0,
      "minf" : 695,
      "iodepth_level" : {
        "1" : 0.100000,
        "2" : 0.100000,
        "4" : 0.100000,
        "8" : 0.100000,
        "16" : 99.993946,
        "32" : 0.000000,
        ">=64" : 0.000000
      },
      "iodepth_submit" : {
        "0" : 0.000000,
        "4" : 100.000000,
        "8" : 0.000000,
        "16" : 0.000000,
        "32" : 0.000000,
        "64" : 0.000000,
        ">=64" : 0.000000
      },
      "iodepth_complete" : {
        "0" : 0.000000,
        "4" : 99.999596,
        "8" : 0.000000,
        "16" : 0.100000,
        "32" : 0.000000,
        "64" : 0.000000,
        ">=64" : 0.000000
      },
      "latency_ns" : {
        "2" : 0.000000,
        "4" : 0.000000,
        "10" : 0.000000,
        "20" : 0.000000,
        "50" : 0.000000,
        "100" : 0.000000,
        "250" : 0.000000,
        "500" : 0.000000,
        "750" : 0.000000,
        "1000" : 0.000000
      },
      "latency_us" : {
        "2" : 0.000000,
        "4" : 0.010000,
        "10" : 0.010000,
        "20" : 0.169828,
        "50" : 1.578197,
        "100" : 2.255894,
        "250" : 52.851048,
        "500" : 38.725777,
        "750" : 3.728744,
        "1000" : 0.352370
      },
      "latency_ms" : {
        "2" : 0.111705,
        "4" : 0.016549,
        "10" : 0.010000,
        "20" : 0.000000,
        "50" : 0.000000,
        "100" : 0.000000,
        "250" : 0.000000,
        "500" : 0.000000,
        "750" : 0.000000,
        "1000" : 0.000000,
        "2000" : 0.010000,
        ">=2000" : 0.206659
      },
      "latency_depth" : 16,
      "latency_target" : 0,
      "latency_percentile" : 100.000000,
      "latency_window" : 0
    }
  ]
}
