{
  "fio version" : "fio-3.36",
  "timestamp" : 1768376780,
  "timestamp_ms" : 1768376780775,
  "time" : "Wed Jan 14 16:46:20 2026",
  "jobs" : [
    {
      "jobname" : "rs128k_rand_read_tput",
      "groupid" : 0,
      "job_start" : 1768376480756,
      "error" : 0,
      "eta" : 0,
      "elapsed" : 301,
      "job options" : {
        "name" : "rs128k_rand_read_tput",
        "directory" : "/tank/testpool",
        "ioengine" : "io_uring",
        "direct" : "1",
        "rw" : "randread",
        "bs" : "8k",
        "size" : "10g",
        "numjobs" : "8",
        "iodepth" : "32",
        "runtime" : "300"
      },
      "read" : {
        "io_bytes" : 1420825026560,
        "io_kbytes" : 1387524440,
        "bw_bytes" : 4736067634,
        "bw" : 4625066,
        "iops" : 578133.256222,
        "runtime" : 300001,
        "total_ios" : 173440555,
        "short_ios" : 0,
        "drop_ios" : 0,
        "slat_ns" : {
          "min" : 701,
          "max" : 2486457,
          "mean" : 2627.905926,
          "stddev" : 5808.430064,
          "N" : 173440555
        },
        "clat_ns" : {
          "min" : 661,
          "max" : 228072759,
          "mean" : 439540.868914,
          "stddev" : 330655.616837,
          "N" : 173440555,
          "percentile" : {
            "1.000000" : 162816,
            "5.000000" : 193536,
            "10.000000" : 211968,
            "20.000000" : 236544,
            "30.000000" : 259072,
            "40.000000" : 280576,
            "50.000000" : 321536,
            "60.000000" : 387072,
            "70.000000" : 477184,
            "80.000000" : 610304,
            "90.000000" : 823296,
            "95.000000" : 1044480,
            "99.000000" : 1548288,
            "99.500000" : 1744896,
            "99.900000" : 2310144,
            "99.950000" : 2572288,
            "99.990000" : 3391488
          }
        },
        "lat_ns" : {
          "min" : 16084,
          "max" : 228076325,
          "mean" : 442168.774839,
          "stddev" : 330477.414728,
          "N" : 173440555
        },
        "bw_min" : 1973231,
        "bw_max" : 7644636,
        "bw_agg" : 100.000000,
        "bw_mean" : 4627882.599332,
        "bw_dev" : 80442.020068,
        "bw_samples" : 4792,
        "iops_min" : 246651,
        "iops_max" : 955579,
        "iops_mean" : 578484.404007,
        "iops_stddev" : 10055.249829,
        "iops_samples" : 4792
      },
      "write" : {
        "io_bytes" : 0,
        "io_kbytes" : 0,
        "bw_bytes" : 0,
        "bw" : 0,
        "iops" : 0.000000,
        "runtime" : 0,
        "total_ios" : 0,
        "short_ios" : 0,
        "drop_ios" : 0,
        "slat_ns" : {
          "min" : 0,
          "max" : 0,
          "mean" : 0.000000,
          "stddev" : 0.000000,
          "N" : 0
        },
        "clat_ns" : {
          "min" : 0,
          "max" : 0,
          "mean" : 0.000000,
          "stddev" : 0.000000,
          "N" : 0
        },
        "lat_ns" : {
          "min" : 0,
          "max" : 0,
          "mean" : 0.000000,
          "stddev" : 0.000000,
          "N" : 0
        },
        "bw_min" : 0,
        "bw_max" : 0,
        "bw_agg" : 0.000000,
        "bw_mean" : 0.000000,
        "bw_dev" : 0.000000,
        "bw_samples" : 0,
        "iops_min" : 0,
        "iops_max" : 0,
        "iops_mean" : 0.000000,
        "iops_stddev" : 0.000000,
        "iops_samples" : 0
      },
      "trim" : {
        "io_bytes" : 0,
        "io_kbytes" : 0,
        "bw_bytes" : 0,
        "bw" : 0,
        "iops" : 0.000000,
        "runtime" : 0,
        "total_ios" : 0,
        "short_ios" : 0,
        "drop_ios" : 0,
        "slat_ns" : {
          "min" : 0,
          "max" : 0,
          "mean" : 0.000000,
          "stddev" : 0.000000,
          "N" : 0
        },
        "clat_ns" : {
          "min" : 0,
          "max" : 0,
          "mean" : 0.000000,
          "stddev" : 0.000000,
          "N" : 0
        },
        "lat_ns" : {
          "min" : 0,
          "max" : 0,
          "mean" : 0.000000,
          "stddev" : 0.000000,
          "N" : 0
        },
        "bw_min" : 0,
        "bw_max" : 0,
        "bw_agg" : 0.000000,
        "bw_mean" : 0.000000,
        "bw_dev" : 0.000000,
        "bw_samples" : 0,
        "iops_min" : 0,
        "iops_max" : 0,
        "iops_mean" : 0.000000,
        "iops_stddev" : 0.000000,
        "iops_samples" : 0
      },
      "sync" : {
        "total_ios" : 0,
        "lat_ns" : {
          "min" : 0,
          "max" : 0,
          "mean" : 0.000000,
          "stddev" : 0.000000,
          "N" : 0
        }
      },
      "job_runtime" : 2400000,
      "usr_cpu" : 9.497833,
      "sys_cpu" : 29.821667,
      "ctx" : 41967751,
      "majf" : 0,
      "minf" : 2328,
      "iodepth_level" : {
        "1" : 0.100000,
        "2" : 0.100000,
        "4" : 0.100000,
        "8" : 0.100000,
        "16" : 0.100000,
        "32" : 99.999857,
        ">=64" : 0.000000
      },
      "iodepth_submit" : {
        "0" : 0.000000,
        "4" : 100.000000,
        "8" : 0.000000,
        "16" : 0.000000,
        "32" : 0.000000,
        "64" : 0.000000,
        ">=64" : 0.000000
      },
      "iodepth_complete" : {
        "0" : 0.000000,
        "4" : 99.999995,
        "8" : 0.000000,
        "16" : 0.000000,
        "32" : 0.100000,
        "64" : 0.000000,
        ">=64" : 0.000000
      },
      "latency_ns" : {
        "2" : 0.000000,
        "4" : 0.000000,
        "10" : 0.000000,
        "20" : 0.000000,
        "50" : 0.000000,
        "100" : 0.000000,
        "250" : 0.000000,
        "500" : 0.000000,
        "750" : 0.010000,
        "1000" : 0.010000
      },
      "latency_us" : {
        "2" : 0.010000,
        "4" : 0.010000,
        "10" : 0.010000,
        "20" : 0.010000,
        "50" : 0.010000,
        "100" : 0.025752,
        "250" : 26.191521,
        "500" : 45.989012,
        "750" : 14.981712,
        "1000" : 7.080259
      },
      "latency_ms" : {
        "2" : 5.497064,
        "4" : 0.227506,
        "10" : 0.010000,
        "20" : 0.010000,
        "50" : 0.010000,
        "100" : 0.010000,
        "250" : 0.010000,
        "500" : 0.000000,
        "750" : 0.000000,
        "1000" : 0.000000,
        "2000" : 0.000000,
        ">=2000" : 0.000000
      },
      "latency_depth" : 32,
      "latency_target" : 0,
      "latency_percentile" : 100.000000,
      "latency_window" : 0
    }
  ]
}
