{
  "fio version" : "fio-3.36",
  "timestamp" : 1768377353,
  "timestamp_ms" : 1768377353856,
  "time" : "Wed Jan 14 16:55:53 2026",
  "jobs" : [
    {
      "jobname" : "rs128k_rand_mix_lat",
      "groupid" : 0,
      "job_start" : 1768377051889,
      "error" : 0,
      "eta" : 0,
      "elapsed" : 303,
      "job options" : {
        "name" : "rs128k_rand_mix_lat",
        "directory" : "/tank/testpool",
        "ioengine" : "io_uring",
        "direct" : "1",
        "rw" : "randrw",
        "rwmixread" : "70",
        "bs" : "8k",
        "size" : "10g",
        "numjobs" : "1",
        "iodepth" : "1",
        "runtime" : "300"
      },
      "read" : {
        "io_bytes" : 11089387520,
        "io_kbytes" : 10829480,
        "bw_bytes" : 36726028,
        "bw" : 35865,
        "iops" : 4483.157752,
        "runtime" : 301949,
        "total_ios" : 1353685,
        "short_ios" : 0,
        "drop_ios" : 0,
        "slat_ns" : {
          "min" : 871,
          "max" : 450763,
          "mean" : 2934.940238,
          "stddev" : 1281.296995,
          "N" : 1353685
        },
        "clat_ns" : {
          "min" : 250,
          "max" : 13834745468,
          "mean" : 122099.330552,
          "stddev" : 27040857.994735,
          "N" : 1353685,
          "percentile" : {
            "1.000000" : 16192,
            "5.000000" : 17024,
            "10.000000" : 17792,
            "20.000000" : 19584,
            "30.000000" : 25728,
            "40.000000" : 27008,
            "50.000000" : 28544,
            "60.000000" : 30080,
            "70.000000" : 33024,
            "80.000000" : 39680,
            "90.000000" : 56576,
            "95.000000" : 181248,
            "99.000000" : 317440,
            "99.500000" : 354304,
            "99.900000" : 415744,
            "99.950000" : 428032,
            "99.990000" : 1613824
          }
        },
        "lat_ns" : {
          "min" : 11737,
          "max" : 13834748642,
          "mean" : 125034.270790,
          "stddev" : 27040860.356659,
          "N" : 1353685
        },
        "bw_min" : 48,
        "bw_max" : 204656,
        "bw_agg" : 100.000000,
        "bw_mean" : 70321.298701,
        "bw_dev" : 48935.277307,
        "bw_samples" : 308,
        "iops_min" : 6,
        "iops_max" : 25582,
        "iops_mean" : 8790.162338,
        "iops_stddev" : 6116.913996,
        "iops_samples" : 308
      },
      "write" : {
        "io_bytes" : 4756979712,
        "io_kbytes" : 4645488,
        "bw_bytes" : 15754248,
        "bw" : 15385,
        "iops" : 1923.126091,
        "runtime" : 301949,
        "total_ios" : 580686,
        "short_ios" : 0,
        "drop_ios" : 0,
        "slat_ns" : {
          "min" : 831,
          "max" : 288618,
          "mean" : 2900.217770,
          "stddev" : 1377.761883,
          "N" : 580686
        },
        "clat_ns" : {
          "min" : 230,
          "max" : 10877911429,
          "mean" : 223031.614621,
          "stddev" : 25756997.161344,
          "N" : 580686,
          "percentile" : {
            "1.000000" : 21888,
            "5.000000" : 24960,
            "10.000000" : 25984,
            "20.000000" : 29056,
            "30.000000" : 41728,
            "40.000000" : 52480,
            "50.000000" : 101888,
            "60.000000" : 156672,
            "70.000000" : 168960,
            "80.000000" : 195584,
            "90.000000" : 252928,
            "95.000000" : 301056,
            "99.000000" : 370688,
            "99.500000" : 395264,
            "99.900000" : 428032,
            "99.950000" : 569344,
            "99.990000" : 2998272
          }
        },
        "lat_ns" : {
          "min" : 16304,
          "max" : 10877914844,
          "mean" : 225931.832391,
          "stddev" : 25757005.975125,
          "N" : 580686
        },
        "bw_min" : 416,
        "bw_max" : 88352,
        "bw_agg" : 100.000000,
        "bw_mean" : 30263.713355,
        "bw_dev" : 20930.059435,
        "bw_samples" : 307,
        "iops_min" : 52,
        "iops_max" : 11044,
        "iops_mean" : 3782.964169,
        "iops_stddev" : 2616.257429,
        "iops_samples" : 307
      },
      "trim" : {
        "io_bytes" : 0,
        "io_kbytes" : 0,
        "bw_bytes" : 0,
        "bw" : 0,
        "iops" : 0.000000,
        "runtime" : 0,
        "total_ios" : 0,
        "short_ios" : 0,
        "drop_ios" : 0,
        "slat_ns" : {
          "min" : 0,
          "max" : 0,
          "mean" : 0.000000,
          "stddev" : 0.000000,
          "N" : 0
        },
        "clat_ns" : {
          "min" : 0,
          "max" : 0,
          "mean" : 0.000000,
          "stddev" : 0.000000,
          "N" : 0
        },
        "lat_ns" : {
          "min" : 0,
          "max" : 0,
          "mean" : 0.000000,
          "stddev" : 0.000000,
          "N" : 0
        },
        "bw_min" : 0,
        "bw_max" : 0,
        "bw_agg" : 0.000000,
        "bw_mean" : 0.000000,
        "bw_dev" : 0.000000,
        "bw_samples" : 0,
        "iops_min" : 0,
        "iops_max" : 0,
        "iops_mean" : 0.000000,
        "iops_stddev" : 0.000000,
        "iops_samples" : 0
      },
      "sync" : {
        "total_ios" : 0,
        "lat_ns" : {
          "min" : 0,
          "max" : 0,
          "mean" : 0.000000,
          "stddev" : 0.000000,
          "N" : 0
        }
      },
      "job_runtime" : 301948,
      "usr_cpu" : 1.605243,
      "sys_cpu" : 5.927511,
      "ctx" : 1934472,
      "majf" : 0,
      "minf" : 184,
      "iodepth_level" : {
        "1" : 100.000000,
        "2" : 0.000000,
        "4" : 0.000000,
        "8" : 0.000000,
        "16" : 0.000000,
        "32" : 0.000000,
        ">=64" : 0.000000
      },
      "iodepth_submit" : {
        "0" : 0.000000,
        "4" : 100.000000,
        "8" : 0.000000,
        "16" : 0.000000,
        "32" : 0.000000,
        "64" : 0.000000,
        ">=64" : 0.000000
      },
      "iodepth_complete" : {
        "0" : 0.000000,
        "4" : 100.000000,
        "8" : 0.000000,
        "16" : 0.000000,
        "32" : 0.000000,
        "64" : 0.000000,
        ">=64" : 0.000000
      },
      "latency_ns" : {
        "2" : 0.000000,
        "4" : 0.000000,
        "10" : 0.000000,
        "20" : 0.000000,
        "50" : 0.000000,
        "100" : 0.000000,
        "250" : 0.010000,
        "500" : 0.010000,
        "750" : 0.010000,
        "1000" : 0.010000
      },
      "latency_us" : {
        "2" : 0.010000,
        "4" : 0.010000,
        "10" : 0.010000,
        "20" : 14.505129,
        "50" : 58.414958,
        "100" : 5.945499,
        "250" : 16.116505,
        "500" : 4.965852,
        "750" : 0.010000,
        "1000" : 0.010000
      },
      "latency_ms" : {
        "2" : 0.010000,
        "4" : 0.010000,
        "10" : 0.010000,
        "20" : 0.000000,
        "50" : 0.000000,
        "100" : 0.000000,
        "250" : 0.010000,
        "500" : 0.000000,
        "750" : 0.010000,
        "1000" : 0.000000,
        "2000" : 0.010000,
        ">=2000" : 0.010000
      },
      "latency_depth" : 1,
      "latency_target" : 0,
      "latency_percentile" : 100.000000,
      "latency_window" : 0
    }
  ]
}
