{
  "fio version" : "fio-3.36",
  "timestamp" : 1768375584,
  "timestamp_ms" : 1768375584996,
  "time" : "Wed Jan 14 16:26:24 2026",
  "jobs" : [
    {
      "jobname" : "rs128k_rand_read_lat",
      "groupid" : 0,
      "job_start" : 1768375284978,
      "error" : 0,
      "eta" : 0,
      "elapsed" : 301,
      "job options" : {
        "name" : "rs128k_rand_read_lat",
        "directory" : "/tank/testpool",
        "ioengine" : "io_uring",
        "direct" : "1",
        "rw" : "randread",
        "bs" : "8k",
        "size" : "10g",
        "numjobs" : "1",
        "iodepth" : "1",
        "runtime" : "300"
      },
      "read" : {
        "io_bytes" : 109072015360,
        "io_kbytes" : 106515640,
        "bw_bytes" : 363572172,
        "bw" : 355050,
        "iops" : 44381.368729,
        "runtime" : 300001,
        "total_ios" : 13314455,
        "short_ios" : 0,
        "drop_ios" : 0,
        "slat_ns" : {
          "min" : 841,
          "max" : 201805,
          "mean" : 2273.447382,
          "stddev" : 554.853651,
          "N" : 13314455
        },
        "clat_ns" : {
          "min" : 230,
          "max" : 249327,
          "mean" : 19767.791449,
          "stddev" : 5269.356144,
          "N" : 13314455,
          "percentile" : {
            "1.000000" : 12480,
            "5.000000" : 13504,
            "10.000000" : 15936,
            "20.000000" : 16064,
            "30.000000" : 16192,
            "40.000000" : 16512,
            "50.000000" : 16768,
            "60.000000" : 18048,
            "70.000000" : 24192,
            "80.000000" : 24960,
            "90.000000" : 26240,
            "95.000000" : 29312,
            "99.000000" : 33024,
            "99.500000" : 35584,
            "99.900000" : 43264,
            "99.950000" : 52480,
            "99.990000" : 93696
          }
        },
        "lat_ns" : {
          "min" : 10075,
          "max" : 333966,
          "mean" : 22041.238831,
          "stddev" : 5451.785988,
          "N" : 13314455
        },
        "bw_min" : 280608,
        "bw_max" : 383056,
        "bw_agg" : 100.000000,
        "bw_mean" : 355252.888147,
        "bw_dev" : 11573.169645,
        "bw_samples" : 599,
        "iops_min" : 35076,
        "iops_max" : 47882,
        "iops_mean" : 44406.560935,
        "iops_stddev" : 1446.640419,
        "iops_samples" : 599
      },
      "write" : {
        "io_bytes" : 0,
        "io_kbytes" : 0,
        "bw_bytes" : 0,
        "bw" : 0,
        "iops" : 0.000000,
        "runtime" : 0,
        "total_ios" : 0,
        "short_ios" : 0,
        "drop_ios" : 0,
        "slat_ns" : {
          "min" : 0,
          "max" : 0,
          "mean" : 0.000000,
          "stddev" : 0.000000,
          "N" : 0
        },
        "clat_ns" : {
          "min" : 0,
          "max" : 0,
          "mean" : 0.000000,
          "stddev" : 0.000000,
          "N" : 0
        },
        "lat_ns" : {
          "min" : 0,
          "max" : 0,
          "mean" : 0.000000,
          "stddev" : 0.000000,
          "N" : 0
        },
        "bw_min" : 0,
        "bw_max" : 0,
        "bw_agg" : 0.000000,
        "bw_mean" : 0.000000,
        "bw_dev" : 0.000000,
        "bw_samples" : 0,
        "iops_min" : 0,
        "iops_max" : 0,
        "iops_mean" : 0.000000,
        "iops_stddev" : 0.000000,
        "iops_samples" : 0
      },
      "trim" : {
        "io_bytes" : 0,
        "io_kbytes" : 0,
        "bw_bytes" : 0,
        "bw" : 0,
        "iops" : 0.000000,
        "runtime" : 0,
        "total_ios" : 0,
        "short_ios" : 0,
        "drop_ios" : 0,
        "slat_ns" : {
          "min" : 0,
          "max" : 0,
          "mean" : 0.000000,
          "stddev" : 0.000000,
          "N" : 0
        },
        "clat_ns" : {
          "min" : 0,
          "max" : 0,
          "mean" : 0.000000,
          "stddev" : 0.000000,
          "N" : 0
        },
        "lat_ns" : {
          "min" : 0,
          "max" : 0,
          "mean" : 0.000000,
          "stddev" : 0.000000,
          "N" : 0
        },
        "bw_min" : 0,
        "bw_max" : 0,
        "bw_agg" : 0.000000,
        "bw_mean" : 0.000000,
        "bw_dev" : 0.000000,
        "bw_samples" : 0,
        "iops_min" : 0,
        "iops_max" : 0,
        "iops_mean" : 0.000000,
        "iops_stddev" : 0.000000,
        "iops_samples" : 0
      },
      "sync" : {
        "total_ios" : 0,
        "lat_ns" : {
          "min" : 0,
          "max" : 0,
          "mean" : 0.000000,
          "stddev" : 0.000000,
          "N" : 0
        }
      },
      "job_runtime" : 300000,
      "usr_cpu" : 7.472333,
      "sys_cpu" : 33.731333,
      "ctx" : 13314051,
      "majf" : 0,
      "minf" : 243,
      "iodepth_level" : {
        "1" : 100.000000,
        "2" : 0.000000,
        "4" : 0.000000,
        "8" : 0.000000,
        "16" : 0.000000,
        "32" : 0.000000,
        ">=64" : 0.000000
      },
      "iodepth_submit" : {
        "0" : 0.000000,
        "4" : 100.000000,
        "8" : 0.000000,
        "16" : 0.000000,
        "32" : 0.000000,
        "64" : 0.000000,
        ">=64" : 0.000000
      },
      "iodepth_complete" : {
        "0" : 0.000000,
        "4" : 100.000000,
        "8" : 0.000000,
        "16" : 0.000000,
        "32" : 0.000000,
        "64" : 0.000000,
        ">=64" : 0.000000
      },
      "latency_ns" : {
        "2" : 0.000000,
        "4" : 0.000000,
        "10" : 0.000000,
        "20" : 0.000000,
        "50" : 0.000000,
        "100" : 0.000000,
        "250" : 0.010000,
        "500" : 0.010000,
        "750" : 0.010000,
        "1000" : 0.010000
      },
      "latency_us" : {
        "2" : 0.010000,
        "4" : 0.010000,
        "10" : 0.010000,
        "20" : 63.363540,
        "50" : 36.573694,
        "100" : 0.050517,
        "250" : 0.010000,
        "500" : 0.000000,
        "750" : 0.000000,
        "1000" : 0.000000
      },
      "latency_ms" : {
        "2" : 0.000000,
        "4" : 0.000000,
        "10" : 0.000000,
        "20" : 0.000000,
        "50" : 0.000000,
        "100" : 0.000000,
        "250" : 0.000000,
        "500" : 0.000000,
        "750" : 0.000000,
        "1000" : 0.000000,
        "2000" : 0.000000,
        ">=2000" : 0.000000
      },
      "latency_depth" : 1,
      "latency_target" : 0,
      "latency_percentile" : 100.000000,
      "latency_window" : 0
    }
  ]
}
