{
  "fio version" : "fio-3.36",
  "timestamp" : 1768376067,
  "timestamp_ms" : 1768376067495,
  "time" : "Wed Jan 14 16:34:27 2026",
  "jobs" : [
    {
      "jobname" : "rs128k_rand_read_bal",
      "groupid" : 0,
      "job_start" : 1768375767480,
      "error" : 0,
      "eta" : 0,
      "elapsed" : 301,
      "job options" : {
        "name" : "rs128k_rand_read_bal",
        "directory" : "/tank/testpool",
        "ioengine" : "io_uring",
        "direct" : "1",
        "rw" : "randread",
        "bs" : "8k",
        "size" : "10g",
        "numjobs" : "4",
        "iodepth" : "16",
        "runtime" : "300"
      },
      "read" : {
        "io_bytes" : 1748946354176,
        "io_kbytes" : 1707955424,
        "bw_bytes" : 5829801747,
        "bw" : 5693165,
        "iops" : 711645.721181,
        "runtime" : 300001,
        "total_ios" : 213494428,
        "short_ios" : 0,
        "drop_ios" : 0,
        "slat_ns" : {
          "min" : 691,
          "max" : 2174294,
          "mean" : 2421.712638,
          "stddev" : 1954.484177,
          "N" : 213494428
        },
        "clat_ns" : {
          "min" : 3055,
          "max" : 59895198,
          "mean" : 87257.660204,
          "stddev" : 54445.918072,
          "N" : 213494428,
          "percentile" : {
            "1.000000" : 46848,
            "5.000000" : 55040,
            "10.000000" : 59136,
            "20.000000" : 65280,
            "30.000000" : 71168,
            "40.000000" : 76288,
            "50.000000" : 82432,
            "60.000000" : 88576,
            "70.000000" : 94720,
            "80.000000" : 101888,
            "90.000000" : 113152,
            "95.000000" : 124416,
            "99.000000" : 197632,
            "99.500000" : 358400,
            "99.900000" : 460800,
            "99.950000" : 481280,
            "99.990000" : 536576
          }
        },
        "lat_ns" : {
          "min" : 12789,
          "max" : 59897251,
          "mean" : 89679.372842,
          "stddev" : 54384.875062,
          "N" : 213494428
        },
        "bw_min" : 1182624,
        "bw_max" : 7288521,
        "bw_agg" : 100.000000,
        "bw_mean" : 5697065.078464,
        "bw_dev" : 242121.252601,
        "bw_samples" : 2396,
        "iops_min" : 147828,
        "iops_max" : 911065,
        "iops_mean" : 712133.145242,
        "iops_stddev" : 30265.163062,
        "iops_samples" : 2396
      },
      "write" : {
        "io_bytes" : 0,
        "io_kbytes" : 0,
        "bw_bytes" : 0,
        "bw" : 0,
        "iops" : 0.000000,
        "runtime" : 0,
        "total_ios" : 0,
        "short_ios" : 0,
        "drop_ios" : 0,
        "slat_ns" : {
          "min" : 0,
          "max" : 0,
          "mean" : 0.000000,
          "stddev" : 0.000000,
          "N" : 0
        },
        "clat_ns" : {
          "min" : 0,
          "max" : 0,
          "mean" : 0.000000,
          "stddev" : 0.000000,
          "N" : 0
        },
        "lat_ns" : {
          "min" : 0,
          "max" : 0,
          "mean" : 0.000000,
          "stddev" : 0.000000,
          "N" : 0
        },
        "bw_min" : 0,
        "bw_max" : 0,
        "bw_agg" : 0.000000,
        "bw_mean" : 0.000000,
        "bw_dev" : 0.000000,
        "bw_samples" : 0,
        "iops_min" : 0,
        "iops_max" : 0,
        "iops_mean" : 0.000000,
        "iops_stddev" : 0.000000,
        "iops_samples" : 0
      },
      "trim" : {
        "io_bytes" : 0,
        "io_kbytes" : 0,
        "bw_bytes" : 0,
        "bw" : 0,
        "iops" : 0.000000,
        "runtime" : 0,
        "total_ios" : 0,
        "short_ios" : 0,
        "drop_ios" : 0,
        "slat_ns" : {
          "min" : 0,
          "max" : 0,
          "mean" : 0.000000,
          "stddev" : 0.000000,
          "N" : 0
        },
        "clat_ns" : {
          "min" : 0,
          "max" : 0,
          "mean" : 0.000000,
          "stddev" : 0.000000,
          "N" : 0
        },
        "lat_ns" : {
          "min" : 0,
          "max" : 0,
          "mean" : 0.000000,
          "stddev" : 0.000000,
          "N" : 0
        },
        "bw_min" : 0,
        "bw_max" : 0,
        "bw_agg" : 0.000000,
        "bw_mean" : 0.000000,
        "bw_dev" : 0.000000,
        "bw_samples" : 0,
        "iops_min" : 0,
        "iops_max" : 0,
        "iops_mean" : 0.000000,
        "iops_stddev" : 0.000000,
        "iops_samples" : 0
      },
      "sync" : {
        "total_ios" : 0,
        "lat_ns" : {
          "min" : 0,
          "max" : 0,
          "mean" : 0.000000,
          "stddev" : 0.000000,
          "N" : 0
        }
      },
      "job_runtime" : 1200000,
      "usr_cpu" : 10.414083,
      "sys_cpu" : 61.583833,
      "ctx" : 48245988,
      "majf" : 0,
      "minf" : 990,
      "iodepth_level" : {
        "1" : 0.100000,
        "2" : 0.100000,
        "4" : 0.100000,
        "8" : 0.100000,
        "16" : 99.999972,
        "32" : 0.000000,
        ">=64" : 0.000000
      },
      "iodepth_submit" : {
        "0" : 0.000000,
        "4" : 100.000000,
        "8" : 0.000000,
        "16" : 0.000000,
        "32" : 0.000000,
        "64" : 0.000000,
        ">=64" : 0.000000
      },
      "iodepth_complete" : {
        "0" : 0.000000,
        "4" : 99.999998,
        "8" : 0.000000,
        "16" : 0.100000,
        "32" : 0.000000,
        "64" : 0.000000,
        ">=64" : 0.000000
      },
      "latency_ns" : {
        "2" : 0.000000,
        "4" : 0.000000,
        "10" : 0.000000,
        "20" : 0.000000,
        "50" : 0.000000,
        "100" : 0.000000,
        "250" : 0.000000,
        "500" : 0.000000,
        "750" : 0.000000,
        "1000" : 0.000000
      },
      "latency_us" : {
        "2" : 0.000000,
        "4" : 0.010000,
        "10" : 0.010000,
        "20" : 0.010000,
        "50" : 1.899172,
        "100" : 75.080695,
        "250" : 22.268559,
        "500" : 0.722269,
        "750" : 0.024841,
        "1000" : 0.010000
      },
      "latency_ms" : {
        "2" : 0.010000,
        "4" : 0.010000,
        "10" : 0.010000,
        "20" : 0.010000,
        "50" : 0.010000,
        "100" : 0.010000,
        "250" : 0.000000,
        "500" : 0.000000,
        "750" : 0.000000,
        "1000" : 0.000000,
        "2000" : 0.000000,
        ">=2000" : 0.000000
      },
      "latency_depth" : 16,
      "latency_target" : 0,
      "latency_percentile" : 100.000000,
      "latency_window" : 0
    }
  ]
}
