{
  "fio version" : "fio-3.36",
  "timestamp" : 1768371892,
  "timestamp_ms" : 1768371892831,
  "time" : "Wed Jan 14 15:24:52 2026",
  "jobs" : [
    {
      "jobname" : "rs16k_rand_read_tput",
      "groupid" : 0,
      "job_start" : 1768371592812,
      "error" : 0,
      "eta" : 0,
      "elapsed" : 301,
      "job options" : {
        "name" : "rs16k_rand_read_tput",
        "directory" : "/tank/testpool",
        "ioengine" : "io_uring",
        "direct" : "1",
        "rw" : "randread",
        "bs" : "4k",
        "size" : "10g",
        "numjobs" : "8",
        "iodepth" : "32",
        "runtime" : "300"
      },
      "read" : {
        "io_bytes" : 1645441933312,
        "io_kbytes" : 1606876888,
        "bw_bytes" : 5484769879,
        "bw" : 5356220,
        "iops" : 1339055.146299,
        "runtime" : 300002,
        "total_ios" : 401719222,
        "short_ios" : 0,
        "drop_ios" : 0,
        "slat_ns" : {
          "min" : 641,
          "max" : 2805730,
          "mean" : 1531.573052,
          "stddev" : 881.301379,
          "N" : 401719222
        },
        "clat_ns" : {
          "min" : 39100,
          "max" : 7612762,
          "mean" : 189380.115845,
          "stddev" : 52177.592233,
          "N" : 401719222,
          "percentile" : {
            "1.000000" : 102912,
            "5.000000" : 120320,
            "10.000000" : 132096,
            "20.000000" : 144384,
            "30.000000" : 156672,
            "40.000000" : 166912,
            "50.000000" : 179200,
            "60.000000" : 193536,
            "70.000000" : 216064,
            "80.000000" : 240640,
            "90.000000" : 259072,
            "95.000000" : 272384,
            "99.000000" : 337920,
            "99.500000" : 370688,
            "99.900000" : 407552,
            "99.950000" : 440320,
            "99.990000" : 626688
          }
        },
        "lat_ns" : {
          "min" : 40261,
          "max" : 7614094,
          "mean" : 190911.688897,
          "stddev" : 52243.299640,
          "N" : 401719222
        },
        "bw_min" : 2347397,
        "bw_max" : 7804707,
        "bw_agg" : 100.000000,
        "bw_mean" : 5357637.941569,
        "bw_dev" : 117891.695832,
        "bw_samples" : 4792,
        "iops_min" : 586847,
        "iops_max" : 1951173,
        "iops_mean" : 1339408.577629,
        "iops_stddev" : 29472.917150,
        "iops_samples" : 4792
      },
      "write" : {
        "io_bytes" : 0,
        "io_kbytes" : 0,
        "bw_bytes" : 0,
        "bw" : 0,
        "iops" : 0.000000,
        "runtime" : 0,
        "total_ios" : 0,
        "short_ios" : 0,
        "drop_ios" : 0,
        "slat_ns" : {
          "min" : 0,
          "max" : 0,
          "mean" : 0.000000,
          "stddev" : 0.000000,
          "N" : 0
        },
        "clat_ns" : {
          "min" : 0,
          "max" : 0,
          "mean" : 0.000000,
          "stddev" : 0.000000,
          "N" : 0
        },
        "lat_ns" : {
          "min" : 0,
          "max" : 0,
          "mean" : 0.000000,
          "stddev" : 0.000000,
          "N" : 0
        },
        "bw_min" : 0,
        "bw_max" : 0,
        "bw_agg" : 0.000000,
        "bw_mean" : 0.000000,
        "bw_dev" : 0.000000,
        "bw_samples" : 0,
        "iops_min" : 0,
        "iops_max" : 0,
        "iops_mean" : 0.000000,
        "iops_stddev" : 0.000000,
        "iops_samples" : 0
      },
      "trim" : {
        "io_bytes" : 0,
        "io_kbytes" : 0,
        "bw_bytes" : 0,
        "bw" : 0,
        "iops" : 0.000000,
        "runtime" : 0,
        "total_ios" : 0,
        "short_ios" : 0,
        "drop_ios" : 0,
        "slat_ns" : {
          "min" : 0,
          "max" : 0,
          "mean" : 0.000000,
          "stddev" : 0.000000,
          "N" : 0
        },
        "clat_ns" : {
          "min" : 0,
          "max" : 0,
          "mean" : 0.000000,
          "stddev" : 0.000000,
          "N" : 0
        },
        "lat_ns" : {
          "min" : 0,
          "max" : 0,
          "mean" : 0.000000,
          "stddev" : 0.000000,
          "N" : 0
        },
        "bw_min" : 0,
        "bw_max" : 0,
        "bw_agg" : 0.000000,
        "bw_mean" : 0.000000,
        "bw_dev" : 0.000000,
        "bw_samples" : 0,
        "iops_min" : 0,
        "iops_max" : 0,
        "iops_mean" : 0.000000,
        "iops_stddev" : 0.000000,
        "iops_samples" : 0
      },
      "sync" : {
        "total_ios" : 0,
        "lat_ns" : {
          "min" : 0,
          "max" : 0,
          "mean" : 0.000000,
          "stddev" : 0.000000,
          "N" : 0
        }
      },
      "job_runtime" : 2400001,
      "usr_cpu" : 11.845162,
      "sys_cpu" : 50.877437,
      "ctx" : 143207875,
      "majf" : 0,
      "minf" : 4431,
      "iodepth_level" : {
        "1" : 0.100000,
        "2" : 0.100000,
        "4" : 0.100000,
        "8" : 0.100000,
        "16" : 0.100000,
        "32" : 99.999938,
        ">=64" : 0.000000
      },
      "iodepth_submit" : {
        "0" : 0.000000,
        "4" : 100.000000,
        "8" : 0.000000,
        "16" : 0.000000,
        "32" : 0.000000,
        "64" : 0.000000,
        ">=64" : 0.000000
      },
      "iodepth_complete" : {
        "0" : 0.000000,
        "4" : 99.999998,
        "8" : 0.000000,
        "16" : 0.000000,
        "32" : 0.100000,
        "64" : 0.000000,
        ">=64" : 0.000000
      },
      "latency_ns" : {
        "2" : 0.000000,
        "4" : 0.000000,
        "10" : 0.000000,
        "20" : 0.000000,
        "50" : 0.000000,
        "100" : 0.000000,
        "250" : 0.000000,
        "500" : 0.000000,
        "750" : 0.000000,
        "1000" : 0.000000
      },
      "latency_us" : {
        "2" : 0.000000,
        "4" : 0.000000,
        "10" : 0.000000,
        "20" : 0.000000,
        "50" : 0.010000,
        "100" : 0.731492,
        "250" : 84.382811,
        "500" : 14.855214,
        "750" : 0.024611,
        "1000" : 0.010000
      },
      "latency_ms" : {
        "2" : 0.010000,
        "4" : 0.010000,
        "10" : 0.010000,
        "20" : 0.000000,
        "50" : 0.000000,
        "100" : 0.000000,
        "250" : 0.000000,
        "500" : 0.000000,
        "750" : 0.000000,
        "1000" : 0.000000,
        "2000" : 0.000000,
        ">=2000" : 0.000000
      },
      "latency_depth" : 32,
      "latency_target" : 0,
      "latency_percentile" : 100.000000,
      "latency_window" : 0
    }
  ]
}
