{
  "fio version" : "fio-3.36",
  "timestamp" : 1768374432,
  "timestamp_ms" : 1768374432008,
  "time" : "Wed Jan 14 16:07:12 2026",
  "jobs" : [
    {
      "jobname" : "rs16k_rand_mix_tput",
      "groupid" : 0,
      "job_start" : 1768374131975,
      "error" : 0,
      "eta" : 0,
      "elapsed" : 301,
      "job options" : {
        "name" : "rs16k_rand_mix_tput",
        "directory" : "/tank/testpool",
        "ioengine" : "io_uring",
        "direct" : "1",
        "rw" : "randrw",
        "rwmixread" : "70",
        "bs" : "4k",
        "size" : "10g",
        "numjobs" : "8",
        "iodepth" : "32",
        "runtime" : "300"
      },
      "read" : {
        "io_bytes" : 30514069504,
        "io_kbytes" : 29798896,
        "bw_bytes" : 101706445,
        "bw" : 99322,
        "iops" : 24830.675186,
        "runtime" : 300021,
        "total_ios" : 7449724,
        "short_ios" : 0,
        "drop_ios" : 0,
        "slat_ns" : {
          "min" : 691,
          "max" : 822116,
          "mean" : 3923.085828,
          "stddev" : 2564.526741,
          "N" : 7449724
        },
        "clat_ns" : {
          "min" : 170,
          "max" : 22773786,
          "mean" : 495910.541805,
          "stddev" : 1231682.619659,
          "N" : 7449724,
          "percentile" : {
            "1.000000" : 21632,
            "5.000000" : 26752,
            "10.000000" : 30080,
            "20.000000" : 34560,
            "30.000000" : 38144,
            "40.000000" : 41216,
            "50.000000" : 45312,
            "60.000000" : 50432,
            "70.000000" : 57088,
            "80.000000" : 69120,
            "90.000000" : 2506752,
            "95.000000" : 3522560,
            "99.000000" : 5537792,
            "99.500000" : 6193152,
            "99.900000" : 7503872,
            "99.950000" : 8093696,
            "99.990000" : 10027008
          }
        },
        "lat_ns" : {
          "min" : 14082,
          "max" : 22778033,
          "mean" : 499833.627633,
          "stddev" : 1232109.525395,
          "N" : 7449724
        },
        "bw_min" : 32594,
        "bw_max" : 956781,
        "bw_agg" : 100.000000,
        "bw_mean" : 99389.500835,
        "bw_dev" : 11187.742180,
        "bw_samples" : 4792,
        "iops_min" : 8148,
        "iops_max" : 239193,
        "iops_mean" : 24847.118531,
        "iops_stddev" : 2796.931993,
        "iops_samples" : 4792
      },
      "write" : {
        "io_bytes" : 13085818880,
        "io_kbytes" : 12779120,
        "bw_bytes" : 43616343,
        "bw" : 42594,
        "iops" : 10648.521270,
        "runtime" : 300021,
        "total_ios" : 3194780,
        "short_ios" : 0,
        "drop_ios" : 0,
        "slat_ns" : {
          "min" : 661,
          "max" : 779341,
          "mean" : 3931.584496,
          "stddev" : 2569.973065,
          "N" : 3194780
        },
        "clat_ns" : {
          "min" : 34082,
          "max" : 266634156,
          "mean" : 22868219.242521,
          "stddev" : 41624474.275479,
          "N" : 3194780,
          "percentile" : {
            "1.000000" : 378880,
            "5.000000" : 1728512,
            "10.000000" : 2146304,
            "20.000000" : 2408448,
            "30.000000" : 2703360,
            "40.000000" : 3031040,
            "50.000000" : 3424256,
            "60.000000" : 3915776,
            "70.000000" : 4882432,
            "80.000000" : 38010880,
            "90.000000" : 92798976,
            "95.000000" : 116916224,
            "99.000000" : 170917888,
            "99.500000" : 189792256,
            "99.900000" : 214958080,
            "99.950000" : 233832448,
            "99.990000" : 252706816
          }
        },
        "lat_ns" : {
          "min" : 61564,
          "max" : 266638833,
          "mean" : 22872150.827017,
          "stddev" : 41624955.743394,
          "N" : 3194780
        },
        "bw_min" : 14816,
        "bw_max" : 408606,
        "bw_agg" : 100.000000,
        "bw_mean" : 42619.080134,
        "bw_dev" : 4775.490370,
        "bw_samples" : 4792,
        "iops_min" : 3704,
        "iops_max" : 102149,
        "iops_mean" : 10654.489149,
        "iops_stddev" : 1193.871348,
        "iops_samples" : 4792
      },
      "trim" : {
        "io_bytes" : 0,
        "io_kbytes" : 0,
        "bw_bytes" : 0,
        "bw" : 0,
        "iops" : 0.000000,
        "runtime" : 0,
        "total_ios" : 0,
        "short_ios" : 0,
        "drop_ios" : 0,
        "slat_ns" : {
          "min" : 0,
          "max" : 0,
          "mean" : 0.000000,
          "stddev" : 0.000000,
          "N" : 0
        },
        "clat_ns" : {
          "min" : 0,
          "max" : 0,
          "mean" : 0.000000,
          "stddev" : 0.000000,
          "N" : 0
        },
        "lat_ns" : {
          "min" : 0,
          "max" : 0,
          "mean" : 0.000000,
          "stddev" : 0.000000,
          "N" : 0
        },
        "bw_min" : 0,
        "bw_max" : 0,
        "bw_agg" : 0.000000,
        "bw_mean" : 0.000000,
        "bw_dev" : 0.000000,
        "bw_samples" : 0,
        "iops_min" : 0,
        "iops_max" : 0,
        "iops_mean" : 0.000000,
        "iops_stddev" : 0.000000,
        "iops_samples" : 0
      },
      "sync" : {
        "total_ios" : 0,
        "lat_ns" : {
          "min" : 0,
          "max" : 0,
          "mean" : 0.000000,
          "stddev" : 0.000000,
          "N" : 0
        }
      },
      "job_runtime" : 2400137,
      "usr_cpu" : 1.129769,
      "sys_cpu" : 4.786977,
      "ctx" : 9423632,
      "majf" : 0,
      "minf" : 3040,
      "iodepth_level" : {
        "1" : 0.100000,
        "2" : 0.100000,
        "4" : 0.100000,
        "8" : 0.100000,
        "16" : 0.100000,
        "32" : 99.997670,
        ">=64" : 0.000000
      },
      "iodepth_submit" : {
        "0" : 0.000000,
        "4" : 100.000000,
        "8" : 0.000000,
        "16" : 0.000000,
        "32" : 0.000000,
        "64" : 0.000000,
        ">=64" : 0.000000
      },
      "iodepth_complete" : {
        "0" : 0.000000,
        "4" : 99.999925,
        "8" : 0.000000,
        "16" : 0.000000,
        "32" : 0.100000,
        "64" : 0.000000,
        ">=64" : 0.000000
      },
      "latency_ns" : {
        "2" : 0.000000,
        "4" : 0.000000,
        "10" : 0.000000,
        "20" : 0.000000,
        "50" : 0.000000,
        "100" : 0.000000,
        "250" : 0.010000,
        "500" : 0.010000,
        "750" : 0.000000,
        "1000" : 0.000000
      },
      "latency_us" : {
        "2" : 0.010000,
        "4" : 0.010000,
        "10" : 0.034675,
        "20" : 0.276763,
        "50" : 40.955116,
        "100" : 17.595522,
        "250" : 1.182460,
        "500" : 0.888740,
        "750" : 0.191789,
        "1000" : 0.106102
      },
      "latency_ms" : {
        "2" : 2.095250,
        "4" : 22.797380,
        "10" : 7.569606,
        "20" : 0.056874,
        "50" : 0.331100,
        "100" : 3.472975,
        "250" : 2.430954,
        "500" : 0.010000,
        "750" : 0.000000,
        "1000" : 0.000000,
        "2000" : 0.000000,
        ">=2000" : 0.000000
      },
      "latency_depth" : 32,
      "latency_target" : 0,
      "latency_percentile" : 100.000000,
      "latency_window" : 0
    }
  ]
}
