{
  "fio version" : "fio-3.36",
  "timestamp" : 1768370646,
  "timestamp_ms" : 1768370646237,
  "time" : "Wed Jan 14 15:04:06 2026",
  "jobs" : [
    {
      "jobname" : "rs16k_rand_read_lat",
      "groupid" : 0,
      "job_start" : 1768370346222,
      "error" : 0,
      "eta" : 0,
      "elapsed" : 301,
      "job options" : {
        "name" : "rs16k_rand_read_lat",
        "directory" : "/tank/testpool",
        "ioengine" : "io_uring",
        "direct" : "1",
        "rw" : "randread",
        "bs" : "4k",
        "size" : "10g",
        "numjobs" : "1",
        "iodepth" : "1",
        "runtime" : "300"
      },
      "read" : {
        "io_bytes" : 40602824704,
        "io_kbytes" : 39651196,
        "bw_bytes" : 135342297,
        "bw" : 132170,
        "iops" : 33042.553191,
        "runtime" : 300001,
        "total_ios" : 9912799,
        "short_ios" : 0,
        "drop_ios" : 0,
        "slat_ns" : {
          "min" : 922,
          "max" : 430863,
          "mean" : 3245.567034,
          "stddev" : 872.650156,
          "N" : 9912799
        },
        "clat_ns" : {
          "min" : 220,
          "max" : 1177634,
          "mean" : 26433.331119,
          "stddev" : 7218.172130,
          "N" : 9912799,
          "percentile" : {
            "1.000000" : 15552,
            "5.000000" : 16192,
            "10.000000" : 16512,
            "20.000000" : 22144,
            "30.000000" : 22912,
            "40.000000" : 23424,
            "50.000000" : 24960,
            "60.000000" : 30080,
            "70.000000" : 30592,
            "80.000000" : 31104,
            "90.000000" : 33024,
            "95.000000" : 37120,
            "99.000000" : 45312,
            "99.500000" : 47872,
            "99.900000" : 57088,
            "99.950000" : 72192,
            "99.990000" : 125440
          }
        },
        "lat_ns" : {
          "min" : 11247,
          "max" : 1182391,
          "mean" : 29678.898153,
          "stddev" : 7677.225356,
          "N" : 9912799
        },
        "bw_min" : 117240,
        "bw_max" : 180520,
        "bw_agg" : 100.000000,
        "bw_mean" : 132260.232053,
        "bw_dev" : 19643.656074,
        "bw_samples" : 599,
        "iops_min" : 29310,
        "iops_max" : 45130,
        "iops_mean" : 33065.028381,
        "iops_stddev" : 4910.930799,
        "iops_samples" : 599
      },
      "write" : {
        "io_bytes" : 0,
        "io_kbytes" : 0,
        "bw_bytes" : 0,
        "bw" : 0,
        "iops" : 0.000000,
        "runtime" : 0,
        "total_ios" : 0,
        "short_ios" : 0,
        "drop_ios" : 0,
        "slat_ns" : {
          "min" : 0,
          "max" : 0,
          "mean" : 0.000000,
          "stddev" : 0.000000,
          "N" : 0
        },
        "clat_ns" : {
          "min" : 0,
          "max" : 0,
          "mean" : 0.000000,
          "stddev" : 0.000000,
          "N" : 0
        },
        "lat_ns" : {
          "min" : 0,
          "max" : 0,
          "mean" : 0.000000,
          "stddev" : 0.000000,
          "N" : 0
        },
        "bw_min" : 0,
        "bw_max" : 0,
        "bw_agg" : 0.000000,
        "bw_mean" : 0.000000,
        "bw_dev" : 0.000000,
        "bw_samples" : 0,
        "iops_min" : 0,
        "iops_max" : 0,
        "iops_mean" : 0.000000,
        "iops_stddev" : 0.000000,
        "iops_samples" : 0
      },
      "trim" : {
        "io_bytes" : 0,
        "io_kbytes" : 0,
        "bw_bytes" : 0,
        "bw" : 0,
        "iops" : 0.000000,
        "runtime" : 0,
        "total_ios" : 0,
        "short_ios" : 0,
        "drop_ios" : 0,
        "slat_ns" : {
          "min" : 0,
          "max" : 0,
          "mean" : 0.000000,
          "stddev" : 0.000000,
          "N" : 0
        },
        "clat_ns" : {
          "min" : 0,
          "max" : 0,
          "mean" : 0.000000,
          "stddev" : 0.000000,
          "N" : 0
        },
        "lat_ns" : {
          "min" : 0,
          "max" : 0,
          "mean" : 0.000000,
          "stddev" : 0.000000,
          "N" : 0
        },
        "bw_min" : 0,
        "bw_max" : 0,
        "bw_agg" : 0.000000,
        "bw_mean" : 0.000000,
        "bw_dev" : 0.000000,
        "bw_samples" : 0,
        "iops_min" : 0,
        "iops_max" : 0,
        "iops_mean" : 0.000000,
        "iops_stddev" : 0.000000,
        "iops_samples" : 0
      },
      "sync" : {
        "total_ios" : 0,
        "lat_ns" : {
          "min" : 0,
          "max" : 0,
          "mean" : 0.000000,
          "stddev" : 0.000000,
          "N" : 0
        }
      },
      "job_runtime" : 300000,
      "usr_cpu" : 6.247333,
      "sys_cpu" : 33.287000,
      "ctx" : 9912414,
      "majf" : 0,
      "minf" : 332,
      "iodepth_level" : {
        "1" : 100.000000,
        "2" : 0.000000,
        "4" : 0.000000,
        "8" : 0.000000,
        "16" : 0.000000,
        "32" : 0.000000,
        ">=64" : 0.000000
      },
      "iodepth_submit" : {
        "0" : 0.000000,
        "4" : 100.000000,
        "8" : 0.000000,
        "16" : 0.000000,
        "32" : 0.000000,
        "64" : 0.000000,
        ">=64" : 0.000000
      },
      "iodepth_complete" : {
        "0" : 0.000000,
        "4" : 100.000000,
        "8" : 0.000000,
        "16" : 0.000000,
        "32" : 0.000000,
        "64" : 0.000000,
        ">=64" : 0.000000
      },
      "latency_ns" : {
        "2" : 0.000000,
        "4" : 0.000000,
        "10" : 0.000000,
        "20" : 0.000000,
        "50" : 0.000000,
        "100" : 0.000000,
        "250" : 0.010000,
        "500" : 0.010000,
        "750" : 0.010000,
        "1000" : 0.000000
      },
      "latency_us" : {
        "2" : 0.010000,
        "4" : 0.010000,
        "10" : 0.010000,
        "20" : 18.290424,
        "50" : 81.400218,
        "100" : 0.279326,
        "250" : 0.024312,
        "500" : 0.010000,
        "750" : 0.010000,
        "1000" : 0.010000
      },
      "latency_ms" : {
        "2" : 0.010000,
        "4" : 0.000000,
        "10" : 0.000000,
        "20" : 0.000000,
        "50" : 0.000000,
        "100" : 0.000000,
        "250" : 0.000000,
        "500" : 0.000000,
        "750" : 0.000000,
        "1000" : 0.000000,
        "2000" : 0.000000,
        ">=2000" : 0.000000
      },
      "latency_depth" : 1,
      "latency_target" : 0,
      "latency_percentile" : 100.000000,
      "latency_window" : 0
    }
  ]
}
