{
  "fio version" : "fio-3.36",
  "timestamp" : 1768372521,
  "timestamp_ms" : 1768372521901,
  "time" : "Wed Jan 14 15:35:21 2026",
  "jobs" : [
    {
      "jobname" : "rs16k_rand_mix_lat",
      "groupid" : 0,
      "job_start" : 1768372221881,
      "error" : 0,
      "eta" : 0,
      "elapsed" : 301,
      "job options" : {
        "name" : "rs16k_rand_mix_lat",
        "directory" : "/tank/testpool",
        "ioengine" : "io_uring",
        "direct" : "1",
        "rw" : "randrw",
        "rwmixread" : "70",
        "bs" : "4k",
        "size" : "10g",
        "numjobs" : "1",
        "iodepth" : "1",
        "runtime" : "300"
      },
      "read" : {
        "io_bytes" : 31886356480,
        "io_kbytes" : 31139020,
        "bw_bytes" : 106287500,
        "bw" : 103796,
        "iops" : 25949.096836,
        "runtime" : 300001,
        "total_ios" : 7784755,
        "short_ios" : 0,
        "drop_ios" : 0,
        "slat_ns" : {
          "min" : 872,
          "max" : 932954,
          "mean" : 2478.460726,
          "stddev" : 664.494517,
          "N" : 7784755
        },
        "clat_ns" : {
          "min" : 210,
          "max" : 2374118,
          "mean" : 20876.730191,
          "stddev" : 7277.059857,
          "N" : 7784755,
          "percentile" : {
            "1.000000" : 15040,
            "5.000000" : 15552,
            "10.000000" : 15680,
            "20.000000" : 15936,
            "30.000000" : 16192,
            "40.000000" : 16512,
            "50.000000" : 17792,
            "60.000000" : 21376,
            "70.000000" : 24192,
            "80.000000" : 25216,
            "90.000000" : 28800,
            "95.000000" : 31872,
            "99.000000" : 41216,
            "99.500000" : 45312,
            "99.900000" : 58112,
            "99.950000" : 67072,
            "99.990000" : 114176
          }
        },
        "lat_ns" : {
          "min" : 11788,
          "max" : 2378244,
          "mean" : 23355.190916,
          "stddev" : 7480.721943,
          "N" : 7784755
        },
        "bw_min" : 76536,
        "bw_max" : 113923,
        "bw_agg" : 100.000000,
        "bw_mean" : 103845.849750,
        "bw_dev" : 8424.566703,
        "bw_samples" : 599,
        "iops_min" : 19134,
        "iops_max" : 28480,
        "iops_mean" : 25961.393990,
        "iops_stddev" : 2106.134187,
        "iops_samples" : 599
      },
      "write" : {
        "io_bytes" : 13662253056,
        "io_kbytes" : 13342044,
        "bw_bytes" : 45540691,
        "bw" : 44473,
        "iops" : 11118.332939,
        "runtime" : 300001,
        "total_ios" : 3335511,
        "short_ios" : 0,
        "drop_ios" : 0,
        "slat_ns" : {
          "min" : 841,
          "max" : 690146,
          "mean" : 2371.886560,
          "stddev" : 697.114859,
          "N" : 3335511
        },
        "clat_ns" : {
          "min" : 300,
          "max" : 2088584,
          "mean" : 31073.459602,
          "stddev" : 10657.308931,
          "N" : 3335511,
          "percentile" : {
            "1.000000" : 19840,
            "5.000000" : 22912,
            "10.000000" : 23168,
            "20.000000" : 23424,
            "30.000000" : 23680,
            "40.000000" : 24192,
            "50.000000" : 25984,
            "60.000000" : 30080,
            "70.000000" : 38144,
            "80.000000" : 39680,
            "90.000000" : 45824,
            "95.000000" : 49408,
            "99.000000" : 59136,
            "99.500000" : 63744,
            "99.900000" : 79360,
            "99.950000" : 90624,
            "99.990000" : 146432
          }
        },
        "lat_ns" : {
          "min" : 17116,
          "max" : 2089846,
          "mean" : 33445.346161,
          "stddev" : 10842.881002,
          "N" : 3335511
        },
        "bw_min" : 31816,
        "bw_max" : 49224,
        "bw_agg" : 100.000000,
        "bw_mean" : 44495.624374,
        "bw_dev" : 3624.167020,
        "bw_samples" : 599,
        "iops_min" : 7954,
        "iops_max" : 12306,
        "iops_mean" : 11123.854758,
        "iops_stddev" : 906.038967,
        "iops_samples" : 599
      },
      "trim" : {
        "io_bytes" : 0,
        "io_kbytes" : 0,
        "bw_bytes" : 0,
        "bw" : 0,
        "iops" : 0.000000,
        "runtime" : 0,
        "total_ios" : 0,
        "short_ios" : 0,
        "drop_ios" : 0,
        "slat_ns" : {
          "min" : 0,
          "max" : 0,
          "mean" : 0.000000,
          "stddev" : 0.000000,
          "N" : 0
        },
        "clat_ns" : {
          "min" : 0,
          "max" : 0,
          "mean" : 0.000000,
          "stddev" : 0.000000,
          "N" : 0
        },
        "lat_ns" : {
          "min" : 0,
          "max" : 0,
          "mean" : 0.000000,
          "stddev" : 0.000000,
          "N" : 0
        },
        "bw_min" : 0,
        "bw_max" : 0,
        "bw_agg" : 0.000000,
        "bw_mean" : 0.000000,
        "bw_dev" : 0.000000,
        "bw_samples" : 0,
        "iops_min" : 0,
        "iops_max" : 0,
        "iops_mean" : 0.000000,
        "iops_stddev" : 0.000000,
        "iops_samples" : 0
      },
      "sync" : {
        "total_ios" : 0,
        "lat_ns" : {
          "min" : 0,
          "max" : 0,
          "mean" : 0.000000,
          "stddev" : 0.000000,
          "N" : 0
        }
      },
      "job_runtime" : 300000,
      "usr_cpu" : 7.163000,
      "sys_cpu" : 29.968333,
      "ctx" : 11119932,
      "majf" : 0,
      "minf" : 394,
      "iodepth_level" : {
        "1" : 100.000000,
        "2" : 0.000000,
        "4" : 0.000000,
        "8" : 0.000000,
        "16" : 0.000000,
        "32" : 0.000000,
        ">=64" : 0.000000
      },
      "iodepth_submit" : {
        "0" : 0.000000,
        "4" : 100.000000,
        "8" : 0.000000,
        "16" : 0.000000,
        "32" : 0.000000,
        "64" : 0.000000,
        ">=64" : 0.000000
      },
      "iodepth_complete" : {
        "0" : 0.000000,
        "4" : 100.000000,
        "8" : 0.000000,
        "16" : 0.000000,
        "32" : 0.000000,
        "64" : 0.000000,
        ">=64" : 0.000000
      },
      "latency_ns" : {
        "2" : 0.000000,
        "4" : 0.000000,
        "10" : 0.000000,
        "20" : 0.000000,
        "50" : 0.000000,
        "100" : 0.000000,
        "250" : 0.010000,
        "500" : 0.010000,
        "750" : 0.010000,
        "1000" : 0.010000
      },
      "latency_us" : {
        "2" : 0.010000,
        "4" : 0.010000,
        "10" : 0.010000,
        "20" : 40.576206,
        "50" : 57.969872,
        "100" : 1.428194,
        "250" : 0.018147,
        "500" : 0.010000,
        "750" : 0.010000,
        "1000" : 0.010000
      },
      "latency_ms" : {
        "2" : 0.010000,
        "4" : 0.010000,
        "10" : 0.000000,
        "20" : 0.000000,
        "50" : 0.000000,
        "100" : 0.000000,
        "250" : 0.000000,
        "500" : 0.000000,
        "750" : 0.000000,
        "1000" : 0.000000,
        "2000" : 0.000000,
        ">=2000" : 0.000000
      },
      "latency_depth" : 1,
      "latency_target" : 0,
      "latency_percentile" : 100.000000,
      "latency_window" : 0
    }
  ]
}
