{
  "fio version" : "fio-3.36",
  "timestamp" : 1768371138,
  "timestamp_ms" : 1768371138709,
  "time" : "Wed Jan 14 15:12:18 2026",
  "jobs" : [
    {
      "jobname" : "rs16k_rand_read_bal",
      "groupid" : 0,
      "job_start" : 1768370838691,
      "error" : 0,
      "eta" : 0,
      "elapsed" : 301,
      "job options" : {
        "name" : "rs16k_rand_read_bal",
        "directory" : "/tank/testpool",
        "ioengine" : "io_uring",
        "direct" : "1",
        "rw" : "randread",
        "bs" : "4k",
        "size" : "10g",
        "numjobs" : "4",
        "iodepth" : "16",
        "runtime" : "300"
      },
      "read" : {
        "io_bytes" : 791657017344,
        "io_kbytes" : 773102556,
        "bw_bytes" : 2638847928,
        "bw" : 2576999,
        "iops" : 644249.982500,
        "runtime" : 300001,
        "total_ios" : 193275639,
        "short_ios" : 0,
        "drop_ios" : 0,
        "slat_ns" : {
          "min" : 661,
          "max" : 1996564,
          "mean" : 1505.673913,
          "stddev" : 757.244495,
          "N" : 193275639
        },
        "clat_ns" : {
          "min" : 18789,
          "max" : 3416224,
          "mean" : 97594.808107,
          "stddev" : 24185.956642,
          "N" : 193275639,
          "percentile" : {
            "1.000000" : 58624,
            "5.000000" : 67072,
            "10.000000" : 72192,
            "20.000000" : 78336,
            "30.000000" : 83456,
            "40.000000" : 88576,
            "50.000000" : 93696,
            "60.000000" : 98816,
            "70.000000" : 105984,
            "80.000000" : 113152,
            "90.000000" : 128512,
            "95.000000" : 144384,
            "99.000000" : 164864,
            "99.500000" : 173056,
            "99.900000" : 248832,
            "99.950000" : 264192,
            "99.990000" : 288768
          }
        },
        "lat_ns" : {
          "min" : 20321,
          "max" : 3418017,
          "mean" : 99100.482020,
          "stddev" : 24207.892289,
          "N" : 193275639
        },
        "bw_min" : 1158640,
        "bw_max" : 3613048,
        "bw_agg" : 100.000000,
        "bw_mean" : 2578367.479132,
        "bw_dev" : 117579.078472,
        "bw_samples" : 2396,
        "iops_min" : 289662,
        "iops_max" : 903262,
        "iops_mean" : 644591.874791,
        "iops_stddev" : 29394.770558,
        "iops_samples" : 2396
      },
      "write" : {
        "io_bytes" : 0,
        "io_kbytes" : 0,
        "bw_bytes" : 0,
        "bw" : 0,
        "iops" : 0.000000,
        "runtime" : 0,
        "total_ios" : 0,
        "short_ios" : 0,
        "drop_ios" : 0,
        "slat_ns" : {
          "min" : 0,
          "max" : 0,
          "mean" : 0.000000,
          "stddev" : 0.000000,
          "N" : 0
        },
        "clat_ns" : {
          "min" : 0,
          "max" : 0,
          "mean" : 0.000000,
          "stddev" : 0.000000,
          "N" : 0
        },
        "lat_ns" : {
          "min" : 0,
          "max" : 0,
          "mean" : 0.000000,
          "stddev" : 0.000000,
          "N" : 0
        },
        "bw_min" : 0,
        "bw_max" : 0,
        "bw_agg" : 0.000000,
        "bw_mean" : 0.000000,
        "bw_dev" : 0.000000,
        "bw_samples" : 0,
        "iops_min" : 0,
        "iops_max" : 0,
        "iops_mean" : 0.000000,
        "iops_stddev" : 0.000000,
        "iops_samples" : 0
      },
      "trim" : {
        "io_bytes" : 0,
        "io_kbytes" : 0,
        "bw_bytes" : 0,
        "bw" : 0,
        "iops" : 0.000000,
        "runtime" : 0,
        "total_ios" : 0,
        "short_ios" : 0,
        "drop_ios" : 0,
        "slat_ns" : {
          "min" : 0,
          "max" : 0,
          "mean" : 0.000000,
          "stddev" : 0.000000,
          "N" : 0
        },
        "clat_ns" : {
          "min" : 0,
          "max" : 0,
          "mean" : 0.000000,
          "stddev" : 0.000000,
          "N" : 0
        },
        "lat_ns" : {
          "min" : 0,
          "max" : 0,
          "mean" : 0.000000,
          "stddev" : 0.000000,
          "N" : 0
        },
        "bw_min" : 0,
        "bw_max" : 0,
        "bw_agg" : 0.000000,
        "bw_mean" : 0.000000,
        "bw_dev" : 0.000000,
        "bw_samples" : 0,
        "iops_min" : 0,
        "iops_max" : 0,
        "iops_mean" : 0.000000,
        "iops_stddev" : 0.000000,
        "iops_samples" : 0
      },
      "sync" : {
        "total_ios" : 0,
        "lat_ns" : {
          "min" : 0,
          "max" : 0,
          "mean" : 0.000000,
          "stddev" : 0.000000,
          "N" : 0
        }
      },
      "job_runtime" : 1200000,
      "usr_cpu" : 10.961333,
      "sys_cpu" : 51.380417,
      "ctx" : 75737279,
      "majf" : 0,
      "minf" : 1109,
      "iodepth_level" : {
        "1" : 0.100000,
        "2" : 0.100000,
        "4" : 0.100000,
        "8" : 0.100000,
        "16" : 99.999969,
        "32" : 0.000000,
        ">=64" : 0.000000
      },
      "iodepth_submit" : {
        "0" : 0.000000,
        "4" : 100.000000,
        "8" : 0.000000,
        "16" : 0.000000,
        "32" : 0.000000,
        "64" : 0.000000,
        ">=64" : 0.000000
      },
      "iodepth_complete" : {
        "0" : 0.000000,
        "4" : 99.999998,
        "8" : 0.000000,
        "16" : 0.100000,
        "32" : 0.000000,
        "64" : 0.000000,
        ">=64" : 0.000000
      },
      "latency_ns" : {
        "2" : 0.000000,
        "4" : 0.000000,
        "10" : 0.000000,
        "20" : 0.000000,
        "50" : 0.000000,
        "100" : 0.000000,
        "250" : 0.000000,
        "500" : 0.000000,
        "750" : 0.000000,
        "1000" : 0.000000
      },
      "latency_us" : {
        "2" : 0.000000,
        "4" : 0.000000,
        "10" : 0.000000,
        "20" : 0.010000,
        "50" : 0.092525,
        "100" : 61.218573,
        "250" : 38.595317,
        "500" : 0.090599,
        "750" : 0.010000,
        "1000" : 0.010000
      },
      "latency_ms" : {
        "2" : 0.010000,
        "4" : 0.010000,
        "10" : 0.000000,
        "20" : 0.000000,
        "50" : 0.000000,
        "100" : 0.000000,
        "250" : 0.000000,
        "500" : 0.000000,
        "750" : 0.000000,
        "1000" : 0.000000,
        "2000" : 0.000000,
        ">=2000" : 0.000000
      },
      "latency_depth" : 16,
      "latency_target" : 0,
      "latency_percentile" : 100.000000,
      "latency_window" : 0
    }
  ]
}
