{
  "fio version" : "fio-3.36",
  "timestamp" : 1768373022,
  "timestamp_ms" : 1768373022842,
  "time" : "Wed Jan 14 15:43:42 2026",
  "jobs" : [
    {
      "jobname" : "rs16k_rand_mix_bal",
      "groupid" : 0,
      "job_start" : 1768372722816,
      "error" : 0,
      "eta" : 0,
      "elapsed" : 301,
      "job options" : {
        "name" : "rs16k_rand_mix_bal",
        "directory" : "/tank/testpool",
        "ioengine" : "io_uring",
        "direct" : "1",
        "rw" : "randrw",
        "rwmixread" : "70",
        "bs" : "4k",
        "size" : "10g",
        "numjobs" : "4",
        "iodepth" : "16",
        "runtime" : "300"
      },
      "read" : {
        "io_bytes" : 41131147264,
        "io_kbytes" : 40167136,
        "bw_bytes" : 137100168,
        "bw" : 133886,
        "iops" : 33471.720754,
        "runtime" : 300008,
        "total_ios" : 10041784,
        "short_ios" : 0,
        "drop_ios" : 0,
        "slat_ns" : {
          "min" : 691,
          "max" : 3960410,
          "mean" : 3583.473128,
          "stddev" : 3012.220425,
          "N" : 10041784
        },
        "clat_ns" : {
          "min" : 80,
          "max" : 100460585,
          "mean" : 91831.667013,
          "stddev" : 154920.816774,
          "N" : 10041784,
          "percentile" : {
            "1.000000" : 21632,
            "5.000000" : 26496,
            "10.000000" : 29824,
            "20.000000" : 34560,
            "30.000000" : 38144,
            "40.000000" : 41728,
            "50.000000" : 45312,
            "60.000000" : 49408,
            "70.000000" : 53504,
            "80.000000" : 62720,
            "90.000000" : 259072,
            "95.000000" : 395264,
            "99.000000" : 765952,
            "99.500000" : 970752,
            "99.900000" : 1236992,
            "99.950000" : 1335296,
            "99.990000" : 2007040
          }
        },
        "lat_ns" : {
          "min" : 8342,
          "max" : 100463910,
          "mean" : 95415.140141,
          "stddev" : 155142.555513,
          "N" : 10041784
        },
        "bw_min" : 29344,
        "bw_max" : 1119718,
        "bw_agg" : 100.000000,
        "bw_mean" : 134069.367279,
        "bw_dev" : 20433.925721,
        "bw_samples" : 2396,
        "iops_min" : 7336,
        "iops_max" : 279929,
        "iops_mean" : 33517.213689,
        "iops_stddev" : 5108.487865,
        "iops_samples" : 2396
      },
      "write" : {
        "io_bytes" : 17622097920,
        "io_kbytes" : 17209080,
        "bw_bytes" : 58738760,
        "bw" : 57362,
        "iops" : 14340.517586,
        "runtime" : 300008,
        "total_ios" : 4302270,
        "short_ios" : 0,
        "drop_ios" : 0,
        "slat_ns" : {
          "min" : 671,
          "max" : 1085946,
          "mean" : 3536.650040,
          "stddev" : 2620.163757,
          "N" : 4302270
        },
        "clat_ns" : {
          "min" : 23315,
          "max" : 103400099,
          "mean" : 4233594.684921,
          "stddev" : 2288793.979964,
          "N" : 4302270,
          "percentile" : {
            "1.000000" : 185344,
            "5.000000" : 1028096,
            "10.000000" : 2113536,
            "20.000000" : 3227648,
            "30.000000" : 3555328,
            "40.000000" : 3751936,
            "50.000000" : 3915776,
            "60.000000" : 4145152,
            "70.000000" : 4423680,
            "80.000000" : 4882432,
            "90.000000" : 6062080,
            "95.000000" : 8454144,
            "99.000000" : 13959168,
            "99.500000" : 15138816,
            "99.900000" : 17170432,
            "99.950000" : 17956864,
            "99.990000" : 19005440
          }
        },
        "lat_ns" : {
          "min" : 25929,
          "max" : 103403464,
          "mean" : 4237131.334961,
          "stddev" : 2289048.246275,
          "N" : 4302270
        },
        "bw_min" : 13416,
        "bw_max" : 479439,
        "bw_agg" : 100.000000,
        "bw_mean" : 57439.919866,
        "bw_dev" : 8767.640096,
        "bw_samples" : 2396,
        "iops_min" : 3354,
        "iops_max" : 119859,
        "iops_mean" : 14359.873122,
        "iops_stddev" : 2191.912403,
        "iops_samples" : 2396
      },
      "trim" : {
        "io_bytes" : 0,
        "io_kbytes" : 0,
        "bw_bytes" : 0,
        "bw" : 0,
        "iops" : 0.000000,
        "runtime" : 0,
        "total_ios" : 0,
        "short_ios" : 0,
        "drop_ios" : 0,
        "slat_ns" : {
          "min" : 0,
          "max" : 0,
          "mean" : 0.000000,
          "stddev" : 0.000000,
          "N" : 0
        },
        "clat_ns" : {
          "min" : 0,
          "max" : 0,
          "mean" : 0.000000,
          "stddev" : 0.000000,
          "N" : 0
        },
        "lat_ns" : {
          "min" : 0,
          "max" : 0,
          "mean" : 0.000000,
          "stddev" : 0.000000,
          "N" : 0
        },
        "bw_min" : 0,
        "bw_max" : 0,
        "bw_agg" : 0.000000,
        "bw_mean" : 0.000000,
        "bw_dev" : 0.000000,
        "bw_samples" : 0,
        "iops_min" : 0,
        "iops_max" : 0,
        "iops_mean" : 0.000000,
        "iops_stddev" : 0.000000,
        "iops_samples" : 0
      },
      "sync" : {
        "total_ios" : 0,
        "lat_ns" : {
          "min" : 0,
          "max" : 0,
          "mean" : 0.000000,
          "stddev" : 0.000000,
          "N" : 0
        }
      },
      "job_runtime" : 1200028,
      "usr_cpu" : 3.323922,
      "sys_cpu" : 12.829367,
      "ctx" : 14266149,
      "majf" : 0,
      "minf" : 1746,
      "iodepth_level" : {
        "1" : 0.100000,
        "2" : 0.100000,
        "4" : 0.100000,
        "8" : 0.100000,
        "16" : 99.999582,
        "32" : 0.000000,
        ">=64" : 0.000000
      },
      "iodepth_submit" : {
        "0" : 0.000000,
        "4" : 100.000000,
        "8" : 0.000000,
        "16" : 0.000000,
        "32" : 0.000000,
        "64" : 0.000000,
        ">=64" : 0.000000
      },
      "iodepth_complete" : {
        "0" : 0.000000,
        "4" : 99.999972,
        "8" : 0.000000,
        "16" : 0.100000,
        "32" : 0.000000,
        "64" : 0.000000,
        ">=64" : 0.000000
      },
      "latency_ns" : {
        "2" : 0.000000,
        "4" : 0.000000,
        "10" : 0.000000,
        "20" : 0.000000,
        "50" : 0.000000,
        "100" : 0.010000,
        "250" : 0.010000,
        "500" : 0.010000,
        "750" : 0.010000,
        "1000" : 0.010000
      },
      "latency_us" : {
        "2" : 0.010000,
        "4" : 0.012556,
        "10" : 0.023125,
        "20" : 0.348869,
        "50" : 43.026184,
        "100" : 16.774630,
        "250" : 3.131521,
        "500" : 5.951463,
        "750" : 1.115236,
        "1000" : 0.760901
      },
      "latency_ms" : {
        "2" : 1.696808,
        "4" : 13.384856,
        "10" : 12.700182,
        "20" : 1.063842,
        "50" : 0.010000,
        "100" : 0.000000,
        "250" : 0.010000,
        "500" : 0.000000,
        "750" : 0.000000,
        "1000" : 0.000000,
        "2000" : 0.000000,
        ">=2000" : 0.000000
      },
      "latency_depth" : 16,
      "latency_target" : 0,
      "latency_percentile" : 100.000000,
      "latency_window" : 0
    }
  ]
}
