{
  "fio version" : "fio-3.36",
  "timestamp" : 1768380905,
  "timestamp_ms" : 1768380905112,
  "time" : "Wed Jan 14 17:55:05 2026",
  "jobs" : [
    {
      "jobname" : "rs1m_seq_read_bal",
      "groupid" : 0,
      "job_start" : 1768380605093,
      "error" : 0,
      "eta" : 0,
      "elapsed" : 301,
      "job options" : {
        "name" : "rs1m_seq_read_bal",
        "directory" : "/tank/testpool",
        "ioengine" : "io_uring",
        "direct" : "1",
        "rw" : "read",
        "bs" : "1m",
        "size" : "10g",
        "numjobs" : "4",
        "iodepth" : "16",
        "runtime" : "300"
      },
      "read" : {
        "io_bytes" : 19420682387456,
        "io_kbytes" : 18965510144,
        "bw_bytes" : 64735176390,
        "bw" : 63217945,
        "iops" : 61736.275091,
        "runtime" : 300002,
        "total_ios" : 18521006,
        "short_ios" : 0,
        "drop_ios" : 0,
        "slat_ns" : {
          "min" : 701,
          "max" : 1212827,
          "mean" : 5663.985885,
          "stddev" : 4059.385852,
          "N" : 18521006
        },
        "clat_ns" : {
          "min" : 28282,
          "max" : 47964070,
          "mean" : 1030481.565015,
          "stddev" : 578531.805618,
          "N" : 18521006,
          "percentile" : {
            "1.000000" : 272384,
            "5.000000" : 378880,
            "10.000000" : 452608,
            "20.000000" : 569344,
            "30.000000" : 667648,
            "40.000000" : 774144,
            "50.000000" : 888832,
            "60.000000" : 1028096,
            "70.000000" : 1204224,
            "80.000000" : 1433600,
            "90.000000" : 1794048,
            "95.000000" : 2146304,
            "99.000000" : 2834432,
            "99.500000" : 3162112,
            "99.900000" : 4145152,
            "99.950000" : 4685824,
            "99.990000" : 6848512
          }
        },
        "lat_ns" : {
          "min" : 82805,
          "max" : 47966594,
          "mean" : 1036145.550900,
          "stddev" : 578562.301010,
          "N" : 18521006
        },
        "bw_min" : 24748032,
        "bw_max" : 80584510,
        "bw_agg" : 100.000000,
        "bw_mean" : 63269527.148581,
        "bw_dev" : 2581044.249268,
        "bw_samples" : 2396,
        "iops_min" : 24168,
        "iops_max" : 78695,
        "iops_mean" : 61786.232053,
        "iops_stddev" : 2520.524057,
        "iops_samples" : 2396
      },
      "write" : {
        "io_bytes" : 0,
        "io_kbytes" : 0,
        "bw_bytes" : 0,
        "bw" : 0,
        "iops" : 0.000000,
        "runtime" : 0,
        "total_ios" : 0,
        "short_ios" : 0,
        "drop_ios" : 0,
        "slat_ns" : {
          "min" : 0,
          "max" : 0,
          "mean" : 0.000000,
          "stddev" : 0.000000,
          "N" : 0
        },
        "clat_ns" : {
          "min" : 0,
          "max" : 0,
          "mean" : 0.000000,
          "stddev" : 0.000000,
          "N" : 0
        },
        "lat_ns" : {
          "min" : 0,
          "max" : 0,
          "mean" : 0.000000,
          "stddev" : 0.000000,
          "N" : 0
        },
        "bw_min" : 0,
        "bw_max" : 0,
        "bw_agg" : 0.000000,
        "bw_mean" : 0.000000,
        "bw_dev" : 0.000000,
        "bw_samples" : 0,
        "iops_min" : 0,
        "iops_max" : 0,
        "iops_mean" : 0.000000,
        "iops_stddev" : 0.000000,
        "iops_samples" : 0
      },
      "trim" : {
        "io_bytes" : 0,
        "io_kbytes" : 0,
        "bw_bytes" : 0,
        "bw" : 0,
        "iops" : 0.000000,
        "runtime" : 0,
        "total_ios" : 0,
        "short_ios" : 0,
        "drop_ios" : 0,
        "slat_ns" : {
          "min" : 0,
          "max" : 0,
          "mean" : 0.000000,
          "stddev" : 0.000000,
          "N" : 0
        },
        "clat_ns" : {
          "min" : 0,
          "max" : 0,
          "mean" : 0.000000,
          "stddev" : 0.000000,
          "N" : 0
        },
        "lat_ns" : {
          "min" : 0,
          "max" : 0,
          "mean" : 0.000000,
          "stddev" : 0.000000,
          "N" : 0
        },
        "bw_min" : 0,
        "bw_max" : 0,
        "bw_agg" : 0.000000,
        "bw_mean" : 0.000000,
        "bw_dev" : 0.000000,
        "bw_samples" : 0,
        "iops_min" : 0,
        "iops_max" : 0,
        "iops_mean" : 0.000000,
        "iops_stddev" : 0.000000,
        "iops_samples" : 0
      },
      "sync" : {
        "total_ios" : 0,
        "lat_ns" : {
          "min" : 0,
          "max" : 0,
          "mean" : 0.000000,
          "stddev" : 0.000000,
          "N" : 0
        }
      },
      "job_runtime" : 1200001,
      "usr_cpu" : 2.755748,
      "sys_cpu" : 20.430483,
      "ctx" : 13354315,
      "majf" : 0,
      "minf" : 153,
      "iodepth_level" : {
        "1" : 0.100000,
        "2" : 0.100000,
        "4" : 0.100000,
        "8" : 0.100000,
        "16" : 99.999676,
        "32" : 0.000000,
        ">=64" : 0.000000
      },
      "iodepth_submit" : {
        "0" : 0.000000,
        "4" : 100.000000,
        "8" : 0.000000,
        "16" : 0.000000,
        "32" : 0.000000,
        "64" : 0.000000,
        ">=64" : 0.000000
      },
      "iodepth_complete" : {
        "0" : 0.000000,
        "4" : 99.999978,
        "8" : 0.000000,
        "16" : 0.100000,
        "32" : 0.000000,
        "64" : 0.000000,
        ">=64" : 0.000000
      },
      "latency_ns" : {
        "2" : 0.000000,
        "4" : 0.000000,
        "10" : 0.000000,
        "20" : 0.000000,
        "50" : 0.000000,
        "100" : 0.000000,
        "250" : 0.000000,
        "500" : 0.000000,
        "750" : 0.000000,
        "1000" : 0.000000
      },
      "latency_us" : {
        "2" : 0.000000,
        "4" : 0.000000,
        "10" : 0.000000,
        "20" : 0.000000,
        "50" : 0.010000,
        "100" : 0.010000,
        "250" : 0.571789,
        "500" : 13.403419,
        "750" : 23.688303,
        "1000" : 20.400819
      },
      "latency_ms" : {
        "2" : 35.342670,
        "4" : 6.471619,
        "10" : 0.117904,
        "20" : 0.010000,
        "50" : 0.010000,
        "100" : 0.000000,
        "250" : 0.000000,
        "500" : 0.000000,
        "750" : 0.000000,
        "1000" : 0.000000,
        "2000" : 0.000000,
        ">=2000" : 0.000000
      },
      "latency_depth" : 16,
      "latency_target" : 0,
      "latency_percentile" : 100.000000,
      "latency_window" : 0
    }
  ]
}
