{
  "fio version" : "fio-3.36",
  "timestamp" : 1768380255,
  "timestamp_ms" : 1768380255235,
  "time" : "Wed Jan 14 17:44:15 2026",
  "jobs" : [
    {
      "jobname" : "rs1m_seq_read_lat",
      "groupid" : 0,
      "job_start" : 1768379955222,
      "error" : 0,
      "eta" : 0,
      "elapsed" : 301,
      "job options" : {
        "name" : "rs1m_seq_read_lat",
        "directory" : "/tank/testpool",
        "ioengine" : "io_uring",
        "direct" : "1",
        "rw" : "read",
        "bs" : "1m",
        "size" : "10g",
        "numjobs" : "1",
        "iodepth" : "1",
        "runtime" : "300"
      },
      "read" : {
        "io_bytes" : 1822732320768,
        "io_kbytes" : 1780012032,
        "bw_bytes" : 6075754150,
        "bw" : 5933353,
        "iops" : 5794.290686,
        "runtime" : 300001,
        "total_ios" : 1738293,
        "short_ios" : 0,
        "drop_ios" : 0,
        "slat_ns" : {
          "min" : 1071,
          "max" : 113672,
          "mean" : 3200.069254,
          "stddev" : 527.333421,
          "N" : 1738293
        },
        "clat_ns" : {
          "min" : 53200,
          "max" : 3024131,
          "mean" : 168738.073100,
          "stddev" : 17541.630741,
          "N" : 1738293,
          "percentile" : {
            "1.000000" : 98816,
            "5.000000" : 150528,
            "10.000000" : 152576,
            "20.000000" : 154624,
            "30.000000" : 156672,
            "40.000000" : 160768,
            "50.000000" : 175104,
            "60.000000" : 177152,
            "70.000000" : 179200,
            "80.000000" : 181248,
            "90.000000" : 185344,
            "95.000000" : 189440,
            "99.000000" : 207872,
            "99.500000" : 211968,
            "99.900000" : 224256,
            "99.950000" : 234496,
            "99.990000" : 280576
          }
        },
        "lat_ns" : {
          "min" : 63717,
          "max" : 3027616,
          "mean" : 171938.142353,
          "stddev" : 17546.262704,
          "N" : 1738293
        },
        "bw_min" : 5771264,
        "bw_max" : 7411712,
        "bw_agg" : 100.000000,
        "bw_mean" : 5937395.911519,
        "bw_dev" : 113713.386047,
        "bw_samples" : 599,
        "iops_min" : 5636,
        "iops_max" : 7238,
        "iops_mean" : 5798.101836,
        "iops_stddev" : 111.049198,
        "iops_samples" : 599
      },
      "write" : {
        "io_bytes" : 0,
        "io_kbytes" : 0,
        "bw_bytes" : 0,
        "bw" : 0,
        "iops" : 0.000000,
        "runtime" : 0,
        "total_ios" : 0,
        "short_ios" : 0,
        "drop_ios" : 0,
        "slat_ns" : {
          "min" : 0,
          "max" : 0,
          "mean" : 0.000000,
          "stddev" : 0.000000,
          "N" : 0
        },
        "clat_ns" : {
          "min" : 0,
          "max" : 0,
          "mean" : 0.000000,
          "stddev" : 0.000000,
          "N" : 0
        },
        "lat_ns" : {
          "min" : 0,
          "max" : 0,
          "mean" : 0.000000,
          "stddev" : 0.000000,
          "N" : 0
        },
        "bw_min" : 0,
        "bw_max" : 0,
        "bw_agg" : 0.000000,
        "bw_mean" : 0.000000,
        "bw_dev" : 0.000000,
        "bw_samples" : 0,
        "iops_min" : 0,
        "iops_max" : 0,
        "iops_mean" : 0.000000,
        "iops_stddev" : 0.000000,
        "iops_samples" : 0
      },
      "trim" : {
        "io_bytes" : 0,
        "io_kbytes" : 0,
        "bw_bytes" : 0,
        "bw" : 0,
        "iops" : 0.000000,
        "runtime" : 0,
        "total_ios" : 0,
        "short_ios" : 0,
        "drop_ios" : 0,
        "slat_ns" : {
          "min" : 0,
          "max" : 0,
          "mean" : 0.000000,
          "stddev" : 0.000000,
          "N" : 0
        },
        "clat_ns" : {
          "min" : 0,
          "max" : 0,
          "mean" : 0.000000,
          "stddev" : 0.000000,
          "N" : 0
        },
        "lat_ns" : {
          "min" : 0,
          "max" : 0,
          "mean" : 0.000000,
          "stddev" : 0.000000,
          "N" : 0
        },
        "bw_min" : 0,
        "bw_max" : 0,
        "bw_agg" : 0.000000,
        "bw_mean" : 0.000000,
        "bw_dev" : 0.000000,
        "bw_samples" : 0,
        "iops_min" : 0,
        "iops_max" : 0,
        "iops_mean" : 0.000000,
        "iops_stddev" : 0.000000,
        "iops_samples" : 0
      },
      "sync" : {
        "total_ios" : 0,
        "lat_ns" : {
          "min" : 0,
          "max" : 0,
          "mean" : 0.000000,
          "stddev" : 0.000000,
          "N" : 0
        }
      },
      "job_runtime" : 300000,
      "usr_cpu" : 1.420667,
      "sys_cpu" : 5.790000,
      "ctx" : 1738308,
      "majf" : 0,
      "minf" : 45,
      "iodepth_level" : {
        "1" : 100.000000,
        "2" : 0.000000,
        "4" : 0.000000,
        "8" : 0.000000,
        "16" : 0.000000,
        "32" : 0.000000,
        ">=64" : 0.000000
      },
      "iodepth_submit" : {
        "0" : 0.000000,
        "4" : 100.000000,
        "8" : 0.000000,
        "16" : 0.000000,
        "32" : 0.000000,
        "64" : 0.000000,
        ">=64" : 0.000000
      },
      "iodepth_complete" : {
        "0" : 0.000000,
        "4" : 100.000000,
        "8" : 0.000000,
        "16" : 0.000000,
        "32" : 0.000000,
        "64" : 0.000000,
        ">=64" : 0.000000
      },
      "latency_ns" : {
        "2" : 0.000000,
        "4" : 0.000000,
        "10" : 0.000000,
        "20" : 0.000000,
        "50" : 0.000000,
        "100" : 0.000000,
        "250" : 0.000000,
        "500" : 0.000000,
        "750" : 0.000000,
        "1000" : 0.000000
      },
      "latency_us" : {
        "2" : 0.000000,
        "4" : 0.000000,
        "10" : 0.000000,
        "20" : 0.000000,
        "50" : 0.000000,
        "100" : 1.126968,
        "250" : 98.847720,
        "500" : 0.023644,
        "750" : 0.010000,
        "1000" : 0.010000
      },
      "latency_ms" : {
        "2" : 0.010000,
        "4" : 0.010000,
        "10" : 0.000000,
        "20" : 0.000000,
        "50" : 0.000000,
        "100" : 0.000000,
        "250" : 0.000000,
        "500" : 0.000000,
        "750" : 0.000000,
        "1000" : 0.000000,
        "2000" : 0.000000,
        ">=2000" : 0.000000
      },
      "latency_depth" : 1,
      "latency_target" : 0,
      "latency_percentile" : 100.000000,
      "latency_window" : 0
    }
  ]
}
