{
  "fio version" : "fio-3.36",
  "timestamp" : 1768381652,
  "timestamp_ms" : 1768381652300,
  "time" : "Wed Jan 14 18:07:32 2026",
  "jobs" : [
    {
      "jobname" : "rs1m_seq_read_tput",
      "groupid" : 0,
      "job_start" : 1768381352276,
      "error" : 0,
      "eta" : 0,
      "elapsed" : 301,
      "job options" : {
        "name" : "rs1m_seq_read_tput",
        "directory" : "/tank/testpool",
        "ioengine" : "io_uring",
        "direct" : "1",
        "rw" : "read",
        "bs" : "1m",
        "size" : "10g",
        "numjobs" : "8",
        "iodepth" : "32",
        "runtime" : "300"
      },
      "read" : {
        "io_bytes" : 15061432139776,
        "io_kbytes" : 14708429824,
        "bw_bytes" : 50203769723,
        "bw" : 49027118,
        "iops" : 47878.045772,
        "runtime" : 300006,
        "total_ios" : 14363701,
        "short_ios" : 0,
        "drop_ios" : 0,
        "slat_ns" : {
          "min" : 671,
          "max" : 9196501,
          "mean" : 4279.832625,
          "stddev" : 18340.114170,
          "N" : 14363701
        },
        "clat_ns" : {
          "min" : 12579,
          "max" : 208671057,
          "mean" : 5341608.444486,
          "stddev" : 3913642.273523,
          "N" : 14363701,
          "percentile" : {
            "1.000000" : 1155072,
            "5.000000" : 1843200,
            "10.000000" : 2277376,
            "20.000000" : 2899968,
            "30.000000" : 3424256,
            "40.000000" : 3948544,
            "50.000000" : 4489216,
            "60.000000" : 5144576,
            "70.000000" : 5931008,
            "80.000000" : 6979584,
            "90.000000" : 8847360,
            "95.000000" : 11075584,
            "99.000000" : 19267584,
            "99.500000" : 25296896,
            "99.900000" : 44302336,
            "99.950000" : 54263808,
            "99.990000" : 80216064
          }
        },
        "lat_ns" : {
          "min" : 139101,
          "max" : 208682535,
          "mean" : 5345888.277111,
          "stddev" : 3913471.474703,
          "N" : 14363701
        },
        "bw_min" : 23451635,
        "bw_max" : 77842675,
        "bw_agg" : 100.000000,
        "bw_mean" : 49076795.230769,
        "bw_dev" : 758044.378626,
        "bw_samples" : 4784,
        "iops_min" : 22900,
        "iops_max" : 76016,
        "iops_mean" : 47923.799331,
        "iops_stddev" : 740.281782,
        "iops_samples" : 4784
      },
      "write" : {
        "io_bytes" : 0,
        "io_kbytes" : 0,
        "bw_bytes" : 0,
        "bw" : 0,
        "iops" : 0.000000,
        "runtime" : 0,
        "total_ios" : 0,
        "short_ios" : 0,
        "drop_ios" : 0,
        "slat_ns" : {
          "min" : 0,
          "max" : 0,
          "mean" : 0.000000,
          "stddev" : 0.000000,
          "N" : 0
        },
        "clat_ns" : {
          "min" : 0,
          "max" : 0,
          "mean" : 0.000000,
          "stddev" : 0.000000,
          "N" : 0
        },
        "lat_ns" : {
          "min" : 0,
          "max" : 0,
          "mean" : 0.000000,
          "stddev" : 0.000000,
          "N" : 0
        },
        "bw_min" : 0,
        "bw_max" : 0,
        "bw_agg" : 0.000000,
        "bw_mean" : 0.000000,
        "bw_dev" : 0.000000,
        "bw_samples" : 0,
        "iops_min" : 0,
        "iops_max" : 0,
        "iops_mean" : 0.000000,
        "iops_stddev" : 0.000000,
        "iops_samples" : 0
      },
      "trim" : {
        "io_bytes" : 0,
        "io_kbytes" : 0,
        "bw_bytes" : 0,
        "bw" : 0,
        "iops" : 0.000000,
        "runtime" : 0,
        "total_ios" : 0,
        "short_ios" : 0,
        "drop_ios" : 0,
        "slat_ns" : {
          "min" : 0,
          "max" : 0,
          "mean" : 0.000000,
          "stddev" : 0.000000,
          "N" : 0
        },
        "clat_ns" : {
          "min" : 0,
          "max" : 0,
          "mean" : 0.000000,
          "stddev" : 0.000000,
          "N" : 0
        },
        "lat_ns" : {
          "min" : 0,
          "max" : 0,
          "mean" : 0.000000,
          "stddev" : 0.000000,
          "N" : 0
        },
        "bw_min" : 0,
        "bw_max" : 0,
        "bw_agg" : 0.000000,
        "bw_mean" : 0.000000,
        "bw_dev" : 0.000000,
        "bw_samples" : 0,
        "iops_min" : 0,
        "iops_max" : 0,
        "iops_mean" : 0.000000,
        "iops_stddev" : 0.000000,
        "iops_samples" : 0
      },
      "sync" : {
        "total_ios" : 0,
        "lat_ns" : {
          "min" : 0,
          "max" : 0,
          "mean" : 0.000000,
          "stddev" : 0.000000,
          "N" : 0
        }
      },
      "job_runtime" : 2400033,
      "usr_cpu" : 2.132679,
      "sys_cpu" : 8.468425,
      "ctx" : 6835155,
      "majf" : 0,
      "minf" : 409,
      "iodepth_level" : {
        "1" : 0.100000,
        "2" : 0.100000,
        "4" : 0.100000,
        "8" : 0.100000,
        "16" : 0.100000,
        "32" : 99.998273,
        ">=64" : 0.000000
      },
      "iodepth_submit" : {
        "0" : 0.000000,
        "4" : 100.000000,
        "8" : 0.000000,
        "16" : 0.000000,
        "32" : 0.000000,
        "64" : 0.000000,
        ">=64" : 0.000000
      },
      "iodepth_complete" : {
        "0" : 0.000000,
        "4" : 99.999944,
        "8" : 0.000000,
        "16" : 0.000000,
        "32" : 0.100000,
        "64" : 0.000000,
        ">=64" : 0.000000
      },
      "latency_ns" : {
        "2" : 0.000000,
        "4" : 0.000000,
        "10" : 0.000000,
        "20" : 0.000000,
        "50" : 0.000000,
        "100" : 0.000000,
        "250" : 0.000000,
        "500" : 0.000000,
        "750" : 0.000000,
        "1000" : 0.000000
      },
      "latency_us" : {
        "2" : 0.000000,
        "4" : 0.000000,
        "10" : 0.000000,
        "20" : 0.010000,
        "50" : 0.010000,
        "100" : 0.010000,
        "250" : 0.010000,
        "500" : 0.054255,
        "750" : 0.173709,
        "1000" : 0.377103
      },
      "latency_ms" : {
        "2" : 5.994959,
        "4" : 34.231359,
        "10" : 52.187713,
        "20" : 6.058132,
        "50" : 0.850992,
        "100" : 0.063466,
        "250" : 0.010000,
        "500" : 0.000000,
        "750" : 0.000000,
        "1000" : 0.000000,
        "2000" : 0.000000,
        ">=2000" : 0.000000
      },
      "latency_depth" : 32,
      "latency_target" : 0,
      "latency_percentile" : 100.000000,
      "latency_window" : 0
    }
  ]
}
