{
  "fio version" : "fio-3.36",
  "timestamp" : 1768367426,
  "timestamp_ms" : 1768367426487,
  "time" : "Wed Jan 14 14:10:26 2026",
  "jobs" : [
    {
      "jobname" : "rand_write_bal",
      "groupid" : 0,
      "job_start" : 1768367126468,
      "error" : 0,
      "eta" : 0,
      "elapsed" : 301,
      "job options" : {
        "name" : "rand_write_bal",
        "directory" : "/tank/testpool",
        "ioengine" : "io_uring",
        "direct" : "1",
        "rw" : "randread",
        "bs" : "4k",
        "size" : "10g",
        "numjobs" : "4",
        "iodepth" : "16",
        "runtime" : "300"
      },
      "read" : {
        "io_bytes" : 819134480384,
        "io_kbytes" : 799936016,
        "bw_bytes" : 2730439166,
        "bw" : 2666444,
        "iops" : 666611.124630,
        "runtime" : 300001,
        "total_ios" : 199984004,
        "short_ios" : 0,
        "drop_ios" : 0,
        "slat_ns" : {
          "min" : 701,
          "max" : 1078634,
          "mean" : 2795.084767,
          "stddev" : 2383.120927,
          "N" : 199984004
        },
        "clat_ns" : {
          "min" : 2494,
          "max" : 53792279,
          "mean" : 92960.962534,
          "stddev" : 43522.818086,
          "N" : 199984004,
          "percentile" : {
            "1.000000" : 32640,
            "5.000000" : 45312,
            "10.000000" : 54528,
            "20.000000" : 68096,
            "30.000000" : 76288,
            "40.000000" : 83456,
            "50.000000" : 90624,
            "60.000000" : 96768,
            "70.000000" : 103936,
            "80.000000" : 113152,
            "90.000000" : 127488,
            "95.000000" : 142336,
            "99.000000" : 189440,
            "99.500000" : 257024,
            "99.900000" : 489472,
            "99.950000" : 518144,
            "99.990000" : 1122304
          }
        },
        "lat_ns" : {
          "min" : 10897,
          "max" : 53795134,
          "mean" : 95756.047301,
          "stddev" : 43474.420869,
          "N" : 199984004
        },
        "bw_min" : 509120,
        "bw_max" : 3824576,
        "bw_agg" : 100.000000,
        "bw_mean" : 2668681.794658,
        "bw_dev" : 96707.099832,
        "bw_samples" : 2396,
        "iops_min" : 127279,
        "iops_max" : 956144,
        "iops_mean" : 667170.297162,
        "iops_stddev" : 24176.775611,
        "iops_samples" : 2396
      },
      "write" : {
        "io_bytes" : 0,
        "io_kbytes" : 0,
        "bw_bytes" : 0,
        "bw" : 0,
        "iops" : 0.000000,
        "runtime" : 0,
        "total_ios" : 0,
        "short_ios" : 0,
        "drop_ios" : 0,
        "slat_ns" : {
          "min" : 0,
          "max" : 0,
          "mean" : 0.000000,
          "stddev" : 0.000000,
          "N" : 0
        },
        "clat_ns" : {
          "min" : 0,
          "max" : 0,
          "mean" : 0.000000,
          "stddev" : 0.000000,
          "N" : 0
        },
        "lat_ns" : {
          "min" : 0,
          "max" : 0,
          "mean" : 0.000000,
          "stddev" : 0.000000,
          "N" : 0
        },
        "bw_min" : 0,
        "bw_max" : 0,
        "bw_agg" : 0.000000,
        "bw_mean" : 0.000000,
        "bw_dev" : 0.000000,
        "bw_samples" : 0,
        "iops_min" : 0,
        "iops_max" : 0,
        "iops_mean" : 0.000000,
        "iops_stddev" : 0.000000,
        "iops_samples" : 0
      },
      "trim" : {
        "io_bytes" : 0,
        "io_kbytes" : 0,
        "bw_bytes" : 0,
        "bw" : 0,
        "iops" : 0.000000,
        "runtime" : 0,
        "total_ios" : 0,
        "short_ios" : 0,
        "drop_ios" : 0,
        "slat_ns" : {
          "min" : 0,
          "max" : 0,
          "mean" : 0.000000,
          "stddev" : 0.000000,
          "N" : 0
        },
        "clat_ns" : {
          "min" : 0,
          "max" : 0,
          "mean" : 0.000000,
          "stddev" : 0.000000,
          "N" : 0
        },
        "lat_ns" : {
          "min" : 0,
          "max" : 0,
          "mean" : 0.000000,
          "stddev" : 0.000000,
          "N" : 0
        },
        "bw_min" : 0,
        "bw_max" : 0,
        "bw_agg" : 0.000000,
        "bw_mean" : 0.000000,
        "bw_dev" : 0.000000,
        "bw_samples" : 0,
        "iops_min" : 0,
        "iops_max" : 0,
        "iops_mean" : 0.000000,
        "iops_stddev" : 0.000000,
        "iops_samples" : 0
      },
      "sync" : {
        "total_ios" : 0,
        "lat_ns" : {
          "min" : 0,
          "max" : 0,
          "mean" : 0.000000,
          "stddev" : 0.000000,
          "N" : 0
        }
      },
      "job_runtime" : 1200000,
      "usr_cpu" : 9.422917,
      "sys_cpu" : 63.771583,
      "ctx" : 40872383,
      "majf" : 0,
      "minf" : 1960,
      "iodepth_level" : {
        "1" : 0.100000,
        "2" : 0.100000,
        "4" : 0.100000,
        "8" : 0.100000,
        "16" : 99.999970,
        "32" : 0.000000,
        ">=64" : 0.000000
      },
      "iodepth_submit" : {
        "0" : 0.000000,
        "4" : 100.000000,
        "8" : 0.000000,
        "16" : 0.000000,
        "32" : 0.000000,
        "64" : 0.000000,
        ">=64" : 0.000000
      },
      "iodepth_complete" : {
        "0" : 0.000000,
        "4" : 99.999998,
        "8" : 0.000000,
        "16" : 0.100000,
        "32" : 0.000000,
        "64" : 0.000000,
        ">=64" : 0.000000
      },
      "latency_ns" : {
        "2" : 0.000000,
        "4" : 0.000000,
        "10" : 0.000000,
        "20" : 0.000000,
        "50" : 0.000000,
        "100" : 0.000000,
        "250" : 0.000000,
        "500" : 0.000000,
        "750" : 0.000000,
        "1000" : 0.000000
      },
      "latency_us" : {
        "2" : 0.000000,
        "4" : 0.010000,
        "10" : 0.010000,
        "20" : 0.039298,
        "50" : 7.260570,
        "100" : 57.264516,
        "250" : 34.907768,
        "500" : 0.449836,
        "750" : 0.058505,
        "1000" : 0.010000
      },
      "latency_ms" : {
        "2" : 0.012137,
        "4" : 0.010000,
        "10" : 0.010000,
        "20" : 0.010000,
        "50" : 0.010000,
        "100" : 0.010000,
        "250" : 0.000000,
        "500" : 0.000000,
        "750" : 0.000000,
        "1000" : 0.000000,
        "2000" : 0.000000,
        ">=2000" : 0.000000
      },
      "latency_depth" : 16,
      "latency_target" : 0,
      "latency_percentile" : 100.000000,
      "latency_window" : 0
    }
  ]
}
