{
  "fio version" : "fio-3.36",
  "timestamp" : 1768366774,
  "timestamp_ms" : 1768366774399,
  "time" : "Wed Jan 14 13:59:34 2026",
  "jobs" : [
    {
      "jobname" : "rand_write_lat",
      "groupid" : 0,
      "job_start" : 1768366474378,
      "error" : 0,
      "eta" : 0,
      "elapsed" : 301,
      "job options" : {
        "name" : "rand_read_lat",
        "directory" : "/tank/testpool",
        "ioengine" : "io_uring",
        "direct" : "1",
        "rw" : "randread",
        "bs" : "4k",
        "size" : "10g",
        "numjobs" : "1",
        "iodepth" : "1",
        "runtime" : "300"
      },
      "read" : {
        "io_bytes" : 38779703296,
        "io_kbytes" : 37870804,
        "bw_bytes" : 129265246,
        "bw" : 126235,
        "iops" : 31558.898137,
        "runtime" : 300001,
        "total_ios" : 9467701,
        "short_ios" : 0,
        "drop_ios" : 0,
        "slat_ns" : {
          "min" : 992,
          "max" : 320897,
          "mean" : 2623.194172,
          "stddev" : 547.131621,
          "N" : 9467701
        },
        "clat_ns" : {
          "min" : 280,
          "max" : 1563479,
          "mean" : 28440.067043,
          "stddev" : 9903.536584,
          "N" : 9467701,
          "percentile" : {
            "1.000000" : 15680,
            "5.000000" : 16192,
            "10.000000" : 16512,
            "20.000000" : 17024,
            "30.000000" : 19072,
            "40.000000" : 24960,
            "50.000000" : 30848,
            "60.000000" : 33024,
            "70.000000" : 34048,
            "80.000000" : 36096,
            "90.000000" : 39168,
            "95.000000" : 43776,
            "99.000000" : 53504,
            "99.500000" : 57088,
            "99.900000" : 67072,
            "99.950000" : 75264,
            "99.990000" : 113152
          }
        },
        "lat_ns" : {
          "min" : 10166,
          "max" : 1606504,
          "mean" : 31063.261215,
          "stddev" : 10022.600753,
          "N" : 9467701
        },
        "bw_min" : 102960,
        "bw_max" : 173392,
        "bw_agg" : 100.000000,
        "bw_mean" : 126309.025042,
        "bw_dev" : 11770.468612,
        "bw_samples" : 599,
        "iops_min" : 25740,
        "iops_max" : 43348,
        "iops_mean" : 31577.232053,
        "iops_stddev" : 2942.619381,
        "iops_samples" : 599
      },
      "write" : {
        "io_bytes" : 0,
        "io_kbytes" : 0,
        "bw_bytes" : 0,
        "bw" : 0,
        "iops" : 0.000000,
        "runtime" : 0,
        "total_ios" : 0,
        "short_ios" : 0,
        "drop_ios" : 0,
        "slat_ns" : {
          "min" : 0,
          "max" : 0,
          "mean" : 0.000000,
          "stddev" : 0.000000,
          "N" : 0
        },
        "clat_ns" : {
          "min" : 0,
          "max" : 0,
          "mean" : 0.000000,
          "stddev" : 0.000000,
          "N" : 0
        },
        "lat_ns" : {
          "min" : 0,
          "max" : 0,
          "mean" : 0.000000,
          "stddev" : 0.000000,
          "N" : 0
        },
        "bw_min" : 0,
        "bw_max" : 0,
        "bw_agg" : 0.000000,
        "bw_mean" : 0.000000,
        "bw_dev" : 0.000000,
        "bw_samples" : 0,
        "iops_min" : 0,
        "iops_max" : 0,
        "iops_mean" : 0.000000,
        "iops_stddev" : 0.000000,
        "iops_samples" : 0
      },
      "trim" : {
        "io_bytes" : 0,
        "io_kbytes" : 0,
        "bw_bytes" : 0,
        "bw" : 0,
        "iops" : 0.000000,
        "runtime" : 0,
        "total_ios" : 0,
        "short_ios" : 0,
        "drop_ios" : 0,
        "slat_ns" : {
          "min" : 0,
          "max" : 0,
          "mean" : 0.000000,
          "stddev" : 0.000000,
          "N" : 0
        },
        "clat_ns" : {
          "min" : 0,
          "max" : 0,
          "mean" : 0.000000,
          "stddev" : 0.000000,
          "N" : 0
        },
        "lat_ns" : {
          "min" : 0,
          "max" : 0,
          "mean" : 0.000000,
          "stddev" : 0.000000,
          "N" : 0
        },
        "bw_min" : 0,
        "bw_max" : 0,
        "bw_agg" : 0.000000,
        "bw_mean" : 0.000000,
        "bw_dev" : 0.000000,
        "bw_samples" : 0,
        "iops_min" : 0,
        "iops_max" : 0,
        "iops_mean" : 0.000000,
        "iops_stddev" : 0.000000,
        "iops_samples" : 0
      },
      "sync" : {
        "total_ios" : 0,
        "lat_ns" : {
          "min" : 0,
          "max" : 0,
          "mean" : 0.000000,
          "stddev" : 0.000000,
          "N" : 0
        }
      },
      "job_runtime" : 300000,
      "usr_cpu" : 6.537667,
      "sys_cpu" : 26.009000,
      "ctx" : 9467468,
      "majf" : 0,
      "minf" : 297,
      "iodepth_level" : {
        "1" : 100.000000,
        "2" : 0.000000,
        "4" : 0.000000,
        "8" : 0.000000,
        "16" : 0.000000,
        "32" : 0.000000,
        ">=64" : 0.000000
      },
      "iodepth_submit" : {
        "0" : 0.000000,
        "4" : 100.000000,
        "8" : 0.000000,
        "16" : 0.000000,
        "32" : 0.000000,
        "64" : 0.000000,
        ">=64" : 0.000000
      },
      "iodepth_complete" : {
        "0" : 0.000000,
        "4" : 100.000000,
        "8" : 0.000000,
        "16" : 0.000000,
        "32" : 0.000000,
        "64" : 0.000000,
        ">=64" : 0.000000
      },
      "latency_ns" : {
        "2" : 0.000000,
        "4" : 0.000000,
        "10" : 0.000000,
        "20" : 0.000000,
        "50" : 0.000000,
        "100" : 0.000000,
        "250" : 0.000000,
        "500" : 0.010000,
        "750" : 0.000000,
        "1000" : 0.000000
      },
      "latency_us" : {
        "2" : 0.010000,
        "4" : 0.010000,
        "10" : 0.010000,
        "20" : 31.964339,
        "50" : 66.053554,
        "100" : 1.964817,
        "250" : 0.014565,
        "500" : 0.010000,
        "750" : 0.010000,
        "1000" : 0.010000
      },
      "latency_ms" : {
        "2" : 0.010000,
        "4" : 0.000000,
        "10" : 0.000000,
        "20" : 0.000000,
        "50" : 0.000000,
        "100" : 0.000000,
        "250" : 0.000000,
        "500" : 0.000000,
        "750" : 0.000000,
        "1000" : 0.000000,
        "2000" : 0.000000,
        ">=2000" : 0.000000
      },
      "latency_depth" : 1,
      "latency_target" : 0,
      "latency_percentile" : 100.000000,
      "latency_window" : 0
    }
  ]
}
