{
  "fio version" : "fio-3.36",
  "timestamp" : 1768369962,
  "timestamp_ms" : 1768369962365,
  "time" : "Wed Jan 14 14:52:42 2026",
  "jobs" : [
    {
      "jobname" : "rand_mix_tput",
      "groupid" : 0,
      "job_start" : 1768369662272,
      "error" : 0,
      "eta" : 0,
      "elapsed" : 301,
      "job options" : {
        "name" : "rand_mix_tput",
        "directory" : "/tank/testpool",
        "ioengine" : "io_uring",
        "direct" : "1",
        "rw" : "randrw",
        "rwmixread" : "70",
        "bs" : "8k",
        "size" : "10g",
        "numjobs" : "8",
        "iodepth" : "32",
        "runtime" : "300"
      },
      "read" : {
        "io_bytes" : 11231354880,
        "io_kbytes" : 10968120,
        "bw_bytes" : 37427744,
        "bw" : 36550,
        "iops" : 4568.816420,
        "runtime" : 300081,
        "total_ios" : 1371015,
        "short_ios" : 0,
        "drop_ios" : 0,
        "slat_ns" : {
          "min" : 711,
          "max" : 1709920,
          "mean" : 4847.433461,
          "stddev" : 3836.158068,
          "N" : 1371015
        },
        "clat_ns" : {
          "min" : 100,
          "max" : 93103911,
          "mean" : 4507119.410268,
          "stddev" : 6581863.533244,
          "N" : 1371015,
          "percentile" : {
            "1.000000" : 32384,
            "5.000000" : 37632,
            "10.000000" : 40704,
            "20.000000" : 45824,
            "30.000000" : 55040,
            "40.000000" : 63232,
            "50.000000" : 71168,
            "60.000000" : 87552,
            "70.000000" : 11599872,
            "80.000000" : 13434880,
            "90.000000" : 14745600,
            "95.000000" : 15663104,
            "99.000000" : 17432576,
            "99.500000" : 17956864,
            "99.900000" : 18481152,
            "99.950000" : 18743296,
            "99.990000" : 19529728
          }
        },
        "lat_ns" : {
          "min" : 13250,
          "max" : 93113276,
          "mean" : 4511966.843729,
          "stddev" : 6582729.017929,
          "N" : 1371015
        },
        "bw_min" : 21125,
        "bw_max" : 695536,
        "bw_agg" : 100.000000,
        "bw_mean" : 36584.460824,
        "bw_dev" : 3840.480332,
        "bw_samples" : 4798,
        "iops_min" : 2640,
        "iops_max" : 86942,
        "iops_mean" : 4572.623918,
        "iops_stddev" : 480.064282,
        "iops_samples" : 4798
      },
      "write" : {
        "io_bytes" : 4815282176,
        "io_kbytes" : 4702424,
        "bw_bytes" : 16046608,
        "bw" : 15670,
        "iops" : 1958.814453,
        "runtime" : 300081,
        "total_ios" : 587803,
        "short_ios" : 0,
        "drop_ios" : 0,
        "slat_ns" : {
          "min" : 721,
          "max" : 1365558,
          "mean" : 5027.284128,
          "stddev" : 3978.451878,
          "N" : 587803
        },
        "clat_ns" : {
          "min" : 58138,
          "max" : 581942285,
          "mean" : 120151697.574325,
          "stddev" : 183759031.311342,
          "N" : 587803,
          "percentile" : {
            "1.000000" : 577536,
            "5.000000" : 10813440,
            "10.000000" : 12124160,
            "20.000000" : 12910592,
            "30.000000" : 13303808,
            "40.000000" : 13828096,
            "50.000000" : 14352384,
            "60.000000" : 15138816,
            "70.000000" : 16908288,
            "80.000000" : 396361728,
            "90.000000" : 438304768,
            "95.000000" : 471859200,
            "99.000000" : 530579456,
            "99.500000" : 541065216,
            "99.900000" : 557842432,
            "99.950000" : 566231040,
            "99.990000" : 574619648
          }
        },
        "lat_ns" : {
          "min" : 63796,
          "max" : 581952581,
          "mean" : 120156724.858453,
          "stddev" : 183759998.881576,
          "N" : 587803
        },
        "bw_min" : 10896,
        "bw_max" : 296640,
        "bw_agg" : 100.000000,
        "bw_mean" : 15677.865796,
        "bw_dev" : 1626.348578,
        "bw_samples" : 4798,
        "iops_min" : 1362,
        "iops_max" : 37080,
        "iops_mean" : 1959.506400,
        "iops_stddev" : 203.294600,
        "iops_samples" : 4798
      },
      "trim" : {
        "io_bytes" : 0,
        "io_kbytes" : 0,
        "bw_bytes" : 0,
        "bw" : 0,
        "iops" : 0.000000,
        "runtime" : 0,
        "total_ios" : 0,
        "short_ios" : 0,
        "drop_ios" : 0,
        "slat_ns" : {
          "min" : 0,
          "max" : 0,
          "mean" : 0.000000,
          "stddev" : 0.000000,
          "N" : 0
        },
        "clat_ns" : {
          "min" : 0,
          "max" : 0,
          "mean" : 0.000000,
          "stddev" : 0.000000,
          "N" : 0
        },
        "lat_ns" : {
          "min" : 0,
          "max" : 0,
          "mean" : 0.000000,
          "stddev" : 0.000000,
          "N" : 0
        },
        "bw_min" : 0,
        "bw_max" : 0,
        "bw_agg" : 0.000000,
        "bw_mean" : 0.000000,
        "bw_dev" : 0.000000,
        "bw_samples" : 0,
        "iops_min" : 0,
        "iops_max" : 0,
        "iops_mean" : 0.000000,
        "iops_stddev" : 0.000000,
        "iops_samples" : 0
      },
      "sync" : {
        "total_ios" : 0,
        "lat_ns" : {
          "min" : 0,
          "max" : 0,
          "mean" : 0.000000,
          "stddev" : 0.000000,
          "N" : 0
        }
      },
      "job_runtime" : 2400564,
      "usr_cpu" : 0.356999,
      "sys_cpu" : 1.190803,
      "ctx" : 2100344,
      "majf" : 0,
      "minf" : 874,
      "iodepth_level" : {
        "1" : 0.100000,
        "2" : 0.100000,
        "4" : 0.100000,
        "8" : 0.100000,
        "16" : 0.100000,
        "32" : 99.987339,
        ">=64" : 0.000000
      },
      "iodepth_submit" : {
        "0" : 0.000000,
        "4" : 100.000000,
        "8" : 0.000000,
        "16" : 0.000000,
        "32" : 0.000000,
        "64" : 0.000000,
        ">=64" : 0.000000
      },
      "iodepth_complete" : {
        "0" : 0.000000,
        "4" : 99.999592,
        "8" : 0.000000,
        "16" : 0.000000,
        "32" : 0.100000,
        "64" : 0.000000,
        ">=64" : 0.000000
      },
      "latency_ns" : {
        "2" : 0.000000,
        "4" : 0.000000,
        "10" : 0.000000,
        "20" : 0.000000,
        "50" : 0.000000,
        "100" : 0.000000,
        "250" : 0.010000,
        "500" : 0.000000,
        "750" : 0.000000,
        "1000" : 0.000000
      },
      "latency_us" : {
        "2" : 0.010000,
        "4" : 0.010000,
        "10" : 0.010000,
        "20" : 0.010000,
        "50" : 17.717726,
        "100" : 26.839349,
        "250" : 1.546034,
        "500" : 0.359196,
        "750" : 1.074934,
        "1000" : 0.270724
      },
      "latency_ms" : {
        "2" : 0.860927,
        "4" : 0.106493,
        "10" : 0.638395,
        "20" : 42.757673,
        "50" : 0.126709,
        "100" : 0.010159,
        "250" : 0.033336,
        "500" : 6.908044,
        "750" : 0.739119,
        "1000" : 0.000000,
        "2000" : 0.000000,
        ">=2000" : 0.000000
      },
      "latency_depth" : 32,
      "latency_target" : 0,
      "latency_percentile" : 100.000000,
      "latency_window" : 0
    }
  ]
}
