{
  "fio version" : "fio-3.36",
  "timestamp" : 1768368084,
  "timestamp_ms" : 1768368084062,
  "time" : "Wed Jan 14 14:21:24 2026",
  "jobs" : [
    {
      "jobname" : "rand_write_tput",
      "groupid" : 0,
      "job_start" : 1768367784048,
      "error" : 0,
      "eta" : 0,
      "elapsed" : 301,
      "job options" : {
        "name" : "rand_write_tput",
        "directory" : "/tank/testpool",
        "ioengine" : "io_uring",
        "direct" : "1",
        "rw" : "randread",
        "bs" : "4k",
        "size" : "10g",
        "numjobs" : "8",
        "iodepth" : "32",
        "runtime" : "300"
      },
      "read" : {
        "io_bytes" : 749560995840,
        "io_kbytes" : 731993160,
        "bw_bytes" : 2498519996,
        "bw" : 2439960,
        "iops" : 609990.233398,
        "runtime" : 300002,
        "total_ios" : 182998290,
        "short_ios" : 0,
        "drop_ios" : 0,
        "slat_ns" : {
          "min" : 711,
          "max" : 2920184,
          "mean" : 2729.236265,
          "stddev" : 5614.579164,
          "N" : 182998290
        },
        "clat_ns" : {
          "min" : 8483,
          "max" : 61635368,
          "mean" : 416306.890601,
          "stddev" : 289794.244938,
          "N" : 182998290,
          "percentile" : {
            "1.000000" : 154624,
            "5.000000" : 185344,
            "10.000000" : 201728,
            "20.000000" : 224256,
            "30.000000" : 242688,
            "40.000000" : 264192,
            "50.000000" : 296960,
            "60.000000" : 358400,
            "70.000000" : 444416,
            "80.000000" : 577536,
            "90.000000" : 798720,
            "95.000000" : 1003520,
            "99.000000" : 1482752,
            "99.500000" : 1695744,
            "99.900000" : 2211840,
            "99.950000" : 2441216,
            "99.990000" : 3194880
          }
        },
        "lat_ns" : {
          "min" : 19259,
          "max" : 61636880,
          "mean" : 419036.126866,
          "stddev" : 289607.347892,
          "N" : 182998290
        },
        "bw_min" : 1365241,
        "bw_max" : 4250408,
        "bw_agg" : 100.000000,
        "bw_mean" : 2441984.651085,
        "bw_dev" : 47741.268899,
        "bw_samples" : 4792,
        "iops_min" : 341310,
        "iops_max" : 1062600,
        "iops_mean" : 610495.944908,
        "iops_stddev" : 11935.317195,
        "iops_samples" : 4792
      },
      "write" : {
        "io_bytes" : 0,
        "io_kbytes" : 0,
        "bw_bytes" : 0,
        "bw" : 0,
        "iops" : 0.000000,
        "runtime" : 0,
        "total_ios" : 0,
        "short_ios" : 0,
        "drop_ios" : 0,
        "slat_ns" : {
          "min" : 0,
          "max" : 0,
          "mean" : 0.000000,
          "stddev" : 0.000000,
          "N" : 0
        },
        "clat_ns" : {
          "min" : 0,
          "max" : 0,
          "mean" : 0.000000,
          "stddev" : 0.000000,
          "N" : 0
        },
        "lat_ns" : {
          "min" : 0,
          "max" : 0,
          "mean" : 0.000000,
          "stddev" : 0.000000,
          "N" : 0
        },
        "bw_min" : 0,
        "bw_max" : 0,
        "bw_agg" : 0.000000,
        "bw_mean" : 0.000000,
        "bw_dev" : 0.000000,
        "bw_samples" : 0,
        "iops_min" : 0,
        "iops_max" : 0,
        "iops_mean" : 0.000000,
        "iops_stddev" : 0.000000,
        "iops_samples" : 0
      },
      "trim" : {
        "io_bytes" : 0,
        "io_kbytes" : 0,
        "bw_bytes" : 0,
        "bw" : 0,
        "iops" : 0.000000,
        "runtime" : 0,
        "total_ios" : 0,
        "short_ios" : 0,
        "drop_ios" : 0,
        "slat_ns" : {
          "min" : 0,
          "max" : 0,
          "mean" : 0.000000,
          "stddev" : 0.000000,
          "N" : 0
        },
        "clat_ns" : {
          "min" : 0,
          "max" : 0,
          "mean" : 0.000000,
          "stddev" : 0.000000,
          "N" : 0
        },
        "lat_ns" : {
          "min" : 0,
          "max" : 0,
          "mean" : 0.000000,
          "stddev" : 0.000000,
          "N" : 0
        },
        "bw_min" : 0,
        "bw_max" : 0,
        "bw_agg" : 0.000000,
        "bw_mean" : 0.000000,
        "bw_dev" : 0.000000,
        "bw_samples" : 0,
        "iops_min" : 0,
        "iops_max" : 0,
        "iops_mean" : 0.000000,
        "iops_stddev" : 0.000000,
        "iops_samples" : 0
      },
      "sync" : {
        "total_ios" : 0,
        "lat_ns" : {
          "min" : 0,
          "max" : 0,
          "mean" : 0.000000,
          "stddev" : 0.000000,
          "N" : 0
        }
      },
      "job_runtime" : 2400003,
      "usr_cpu" : 9.929029,
      "sys_cpu" : 31.757127,
      "ctx" : 41391431,
      "majf" : 0,
      "minf" : 4811,
      "iodepth_level" : {
        "1" : 0.100000,
        "2" : 0.100000,
        "4" : 0.100000,
        "8" : 0.100000,
        "16" : 0.100000,
        "32" : 99.999864,
        ">=64" : 0.000000
      },
      "iodepth_submit" : {
        "0" : 0.000000,
        "4" : 100.000000,
        "8" : 0.000000,
        "16" : 0.000000,
        "32" : 0.000000,
        "64" : 0.000000,
        ">=64" : 0.000000
      },
      "iodepth_complete" : {
        "0" : 0.000000,
        "4" : 99.999996,
        "8" : 0.000000,
        "16" : 0.000000,
        "32" : 0.100000,
        "64" : 0.000000,
        ">=64" : 0.000000
      },
      "latency_ns" : {
        "2" : 0.000000,
        "4" : 0.000000,
        "10" : 0.000000,
        "20" : 0.000000,
        "50" : 0.000000,
        "100" : 0.000000,
        "250" : 0.000000,
        "500" : 0.000000,
        "750" : 0.000000,
        "1000" : 0.000000
      },
      "latency_us" : {
        "2" : 0.000000,
        "4" : 0.000000,
        "10" : 0.010000,
        "20" : 0.010000,
        "50" : 0.010000,
        "100" : 0.025522,
        "250" : 33.232926,
        "500" : 41.641550,
        "750" : 13.536054,
        "1000" : 6.504731
      },
      "latency_ms" : {
        "2" : 4.875125,
        "4" : 0.180434,
        "10" : 0.010000,
        "20" : 0.010000,
        "50" : 0.010000,
        "100" : 0.010000,
        "250" : 0.000000,
        "500" : 0.000000,
        "750" : 0.000000,
        "1000" : 0.000000,
        "2000" : 0.000000,
        ">=2000" : 0.000000
      },
      "latency_depth" : 32,
      "latency_target" : 0,
      "latency_percentile" : 100.000000,
      "latency_window" : 0
    }
  ]
}
