{
  "fio version" : "fio-3.36",
  "timestamp" : 1768366224,
  "timestamp_ms" : 1768366224525,
  "time" : "Wed Jan 14 13:50:24 2026",
  "jobs" : [
    {
      "jobname" : "seq_write_lat",
      "groupid" : 0,
      "job_start" : 1768365923596,
      "error" : 0,
      "eta" : 0,
      "elapsed" : 302,
      "job options" : {
        "name" : "seq_write_tput",
        "directory" : "/tank/testpool",
        "ioengine" : "io_uring",
        "direct" : "1",
        "rw" : "write",
        "bs" : "1m",
        "size" : "10g",
        "numjobs" : "8",
        "iodepth" : "32",
        "runtime" : "300"
      },
      "read" : {
        "io_bytes" : 0,
        "io_kbytes" : 0,
        "bw_bytes" : 0,
        "bw" : 0,
        "iops" : 0.000000,
        "runtime" : 0,
        "total_ios" : 0,
        "short_ios" : 0,
        "drop_ios" : 0,
        "slat_ns" : {
          "min" : 0,
          "max" : 0,
          "mean" : 0.000000,
          "stddev" : 0.000000,
          "N" : 0
        },
        "clat_ns" : {
          "min" : 0,
          "max" : 0,
          "mean" : 0.000000,
          "stddev" : 0.000000,
          "N" : 0
        },
        "lat_ns" : {
          "min" : 0,
          "max" : 0,
          "mean" : 0.000000,
          "stddev" : 0.000000,
          "N" : 0
        },
        "bw_min" : 0,
        "bw_max" : 0,
        "bw_agg" : 0.000000,
        "bw_mean" : 0.000000,
        "bw_dev" : 0.000000,
        "bw_samples" : 0,
        "iops_min" : 0,
        "iops_max" : 0,
        "iops_mean" : 0.000000,
        "iops_stddev" : 0.000000,
        "iops_samples" : 0
      },
      "write" : {
        "io_bytes" : 115478626304,
        "io_kbytes" : 112772096,
        "bw_bytes" : 383768494,
        "bw" : 374773,
        "iops" : 365.990156,
        "runtime" : 300907,
        "total_ios" : 110129,
        "short_ios" : 0,
        "drop_ios" : 0,
        "slat_ns" : {
          "min" : 6710,
          "max" : 3974090,
          "mean" : 52565.411599,
          "stddev" : 36592.181461,
          "N" : 110129
        },
        "clat_ns" : {
          "min" : 798810,
          "max" : 1903915268,
          "mean" : 699317629.597347,
          "stddev" : 328885755.298238,
          "N" : 110129,
          "percentile" : {
            "1.000000" : 6651904,
            "5.000000" : 54788096,
            "10.000000" : 101187584,
            "20.000000" : 408944640,
            "30.000000" : 541065216,
            "40.000000" : 658505728,
            "50.000000" : 775946240,
            "60.000000" : 868220928,
            "70.000000" : 935329792,
            "80.000000" : 994050048,
            "90.000000" : 1035993088,
            "95.000000" : 1082130432,
            "99.000000" : 1317011456,
            "99.500000" : 1434451968,
            "99.900000" : 1484783616,
            "99.950000" : 1702887424,
            "99.990000" : 1870659584
          }
        },
        "lat_ns" : {
          "min" : 847734,
          "max" : 1903955599,
          "mean" : 699370195.008945,
          "stddev" : 328881598.382577,
          "N" : 110129
        },
        "bw_min" : 159744,
        "bw_max" : 10386648,
        "bw_agg" : 100.000000,
        "bw_mean" : 375095.653333,
        "bw_dev" : 64127.640673,
        "bw_samples" : 4800,
        "iops_min" : 156,
        "iops_max" : 10140,
        "iops_mean" : 366.241667,
        "iops_stddev" : 62.611100,
        "iops_samples" : 4800
      },
      "trim" : {
        "io_bytes" : 0,
        "io_kbytes" : 0,
        "bw_bytes" : 0,
        "bw" : 0,
        "iops" : 0.000000,
        "runtime" : 0,
        "total_ios" : 0,
        "short_ios" : 0,
        "drop_ios" : 0,
        "slat_ns" : {
          "min" : 0,
          "max" : 0,
          "mean" : 0.000000,
          "stddev" : 0.000000,
          "N" : 0
        },
        "clat_ns" : {
          "min" : 0,
          "max" : 0,
          "mean" : 0.000000,
          "stddev" : 0.000000,
          "N" : 0
        },
        "lat_ns" : {
          "min" : 0,
          "max" : 0,
          "mean" : 0.000000,
          "stddev" : 0.000000,
          "N" : 0
        },
        "bw_min" : 0,
        "bw_max" : 0,
        "bw_agg" : 0.000000,
        "bw_mean" : 0.000000,
        "bw_dev" : 0.000000,
        "bw_samples" : 0,
        "iops_min" : 0,
        "iops_max" : 0,
        "iops_mean" : 0.000000,
        "iops_stddev" : 0.000000,
        "iops_samples" : 0
      },
      "sync" : {
        "total_ios" : 0,
        "lat_ns" : {
          "min" : 0,
          "max" : 0,
          "mean" : 0.000000,
          "stddev" : 0.000000,
          "N" : 0
        }
      },
      "job_runtime" : 2407166,
      "usr_cpu" : 0.253742,
      "sys_cpu" : 0.103940,
      "ctx" : 110671,
      "majf" : 0,
      "minf" : 37201,
      "iodepth_level" : {
        "1" : 0.100000,
        "2" : 0.100000,
        "4" : 0.100000,
        "8" : 0.100000,
        "16" : 0.116227,
        "32" : 99.774810,
        ">=64" : 0.000000
      },
      "iodepth_submit" : {
        "0" : 0.000000,
        "4" : 100.000000,
        "8" : 0.000000,
        "16" : 0.000000,
        "32" : 0.000000,
        "64" : 0.000000,
        ">=64" : 0.000000
      },
      "iodepth_complete" : {
        "0" : 0.000000,
        "4" : 99.992720,
        "8" : 0.000000,
        "16" : 0.000000,
        "32" : 0.100000,
        "64" : 0.000000,
        ">=64" : 0.000000
      },
      "latency_ns" : {
        "2" : 0.000000,
        "4" : 0.000000,
        "10" : 0.000000,
        "20" : 0.000000,
        "50" : 0.000000,
        "100" : 0.000000,
        "250" : 0.000000,
        "500" : 0.000000,
        "750" : 0.000000,
        "1000" : 0.000000
      },
      "latency_us" : {
        "2" : 0.000000,
        "4" : 0.000000,
        "10" : 0.000000,
        "20" : 0.000000,
        "50" : 0.000000,
        "100" : 0.000000,
        "250" : 0.000000,
        "500" : 0.000000,
        "750" : 0.000000,
        "1000" : 0.010000
      },
      "latency_ms" : {
        "2" : 0.034505,
        "4" : 0.052666,
        "10" : 2.440774,
        "20" : 0.276948,
        "50" : 0.953427,
        "100" : 6.229059,
        "250" : 1.914119,
        "500" : 14.763595,
        "750" : 20.821945,
        "1000" : 33.919313,
        "2000" : 18.590017,
        ">=2000" : 0.000000
      },
      "latency_depth" : 32,
      "latency_target" : 0,
      "latency_percentile" : 100.000000,
      "latency_window" : 0
    }
  ]
}
