{
  "fio version" : "fio-3.36",
  "timestamp" : 1768365733,
  "timestamp_ms" : 1768365733078,
  "time" : "Wed Jan 14 13:42:13 2026",
  "jobs" : [
    {
      "jobname" : "seq_write_lat",
      "groupid" : 0,
      "job_start" : 1768365432768,
      "error" : 0,
      "eta" : 0,
      "elapsed" : 301,
      "job options" : {
        "name" : "seq_write_bal",
        "directory" : "/tank/testpool",
        "ioengine" : "io_uring",
        "direct" : "1",
        "rw" : "write",
        "bs" : "1m",
        "size" : "10g",
        "numjobs" : "4",
        "iodepth" : "16",
        "runtime" : "300"
      },
      "read" : {
        "io_bytes" : 0,
        "io_kbytes" : 0,
        "bw_bytes" : 0,
        "bw" : 0,
        "iops" : 0.000000,
        "runtime" : 0,
        "total_ios" : 0,
        "short_ios" : 0,
        "drop_ios" : 0,
        "slat_ns" : {
          "min" : 0,
          "max" : 0,
          "mean" : 0.000000,
          "stddev" : 0.000000,
          "N" : 0
        },
        "clat_ns" : {
          "min" : 0,
          "max" : 0,
          "mean" : 0.000000,
          "stddev" : 0.000000,
          "N" : 0
        },
        "lat_ns" : {
          "min" : 0,
          "max" : 0,
          "mean" : 0.000000,
          "stddev" : 0.000000,
          "N" : 0
        },
        "bw_min" : 0,
        "bw_max" : 0,
        "bw_agg" : 0.000000,
        "bw_mean" : 0.000000,
        "bw_dev" : 0.000000,
        "bw_samples" : 0,
        "iops_min" : 0,
        "iops_max" : 0,
        "iops_mean" : 0.000000,
        "iops_stddev" : 0.000000,
        "iops_samples" : 0
      },
      "write" : {
        "io_bytes" : 109214433280,
        "io_kbytes" : 106654720,
        "bw_bytes" : 363691693,
        "bw" : 355167,
        "iops" : 346.843427,
        "runtime" : 300294,
        "total_ios" : 104155,
        "short_ios" : 0,
        "drop_ios" : 0,
        "slat_ns" : {
          "min" : 4107,
          "max" : 3470668,
          "mean" : 53106.384773,
          "stddev" : 33668.894710,
          "N" : 104155
        },
        "clat_ns" : {
          "min" : 398104,
          "max" : 576404035,
          "mean" : 184449104.027449,
          "stddev" : 88943322.898450,
          "N" : 104155,
          "percentile" : {
            "1.000000" : 2703360,
            "5.000000" : 18743296,
            "10.000000" : 40632320,
            "20.000000" : 99090432,
            "30.000000" : 135266304,
            "40.000000" : 168820736,
            "50.000000" : 200278016,
            "60.000000" : 227540992,
            "70.000000" : 250609664,
            "80.000000" : 261095424,
            "90.000000" : 278921216,
            "95.000000" : 304087040,
            "99.000000" : 367001600,
            "99.500000" : 400556032,
            "99.900000" : 429916160,
            "99.950000" : 438304768,
            "99.990000" : 534773760
          }
        },
        "lat_ns" : {
          "min" : 451654,
          "max" : 576473581,
          "mean" : 184502210.412222,
          "stddev" : 88940470.180726,
          "N" : 104155
        },
        "bw_min" : 126976,
        "bw_max" : 8565281,
        "bw_agg" : 100.000000,
        "bw_mean" : 355386.903333,
        "bw_dev" : 104543.219253,
        "bw_samples" : 2400,
        "iops_min" : 124,
        "iops_max" : 8364,
        "iops_mean" : 346.986667,
        "iops_stddev" : 102.089910,
        "iops_samples" : 2400
      },
      "trim" : {
        "io_bytes" : 0,
        "io_kbytes" : 0,
        "bw_bytes" : 0,
        "bw" : 0,
        "iops" : 0.000000,
        "runtime" : 0,
        "total_ios" : 0,
        "short_ios" : 0,
        "drop_ios" : 0,
        "slat_ns" : {
          "min" : 0,
          "max" : 0,
          "mean" : 0.000000,
          "stddev" : 0.000000,
          "N" : 0
        },
        "clat_ns" : {
          "min" : 0,
          "max" : 0,
          "mean" : 0.000000,
          "stddev" : 0.000000,
          "N" : 0
        },
        "lat_ns" : {
          "min" : 0,
          "max" : 0,
          "mean" : 0.000000,
          "stddev" : 0.000000,
          "N" : 0
        },
        "bw_min" : 0,
        "bw_max" : 0,
        "bw_agg" : 0.000000,
        "bw_mean" : 0.000000,
        "bw_dev" : 0.000000,
        "bw_samples" : 0,
        "iops_min" : 0,
        "iops_max" : 0,
        "iops_mean" : 0.000000,
        "iops_stddev" : 0.000000,
        "iops_samples" : 0
      },
      "sync" : {
        "total_ios" : 0,
        "lat_ns" : {
          "min" : 0,
          "max" : 0,
          "mean" : 0.000000,
          "stddev" : 0.000000,
          "N" : 0
        }
      },
      "job_runtime" : 1201157,
      "usr_cpu" : 0.477623,
      "sys_cpu" : 0.183740,
      "ctx" : 104527,
      "majf" : 0,
      "minf" : 12696,
      "iodepth_level" : {
        "1" : 0.100000,
        "2" : 0.100000,
        "4" : 0.100000,
        "8" : 0.100000,
        "16" : 99.942394,
        "32" : 0.000000,
        ">=64" : 0.000000
      },
      "iodepth_submit" : {
        "0" : 0.000000,
        "4" : 100.000000,
        "8" : 0.000000,
        "16" : 0.000000,
        "32" : 0.000000,
        "64" : 0.000000,
        ">=64" : 0.000000
      },
      "iodepth_complete" : {
        "0" : 0.000000,
        "4" : 99.996158,
        "8" : 0.000000,
        "16" : 0.100000,
        "32" : 0.000000,
        "64" : 0.000000,
        ">=64" : 0.000000
      },
      "latency_ns" : {
        "2" : 0.000000,
        "4" : 0.000000,
        "10" : 0.000000,
        "20" : 0.000000,
        "50" : 0.000000,
        "100" : 0.000000,
        "250" : 0.000000,
        "500" : 0.000000,
        "750" : 0.000000,
        "1000" : 0.000000
      },
      "latency_us" : {
        "2" : 0.000000,
        "4" : 0.000000,
        "10" : 0.000000,
        "20" : 0.000000,
        "50" : 0.000000,
        "100" : 0.000000,
        "250" : 0.000000,
        "500" : 0.010000,
        "750" : 0.010000,
        "1000" : 0.010000
      },
      "latency_ms" : {
        "2" : 0.015362,
        "4" : 2.507801,
        "10" : 0.523259,
        "20" : 2.262013,
        "50" : 5.440929,
        "100" : 9.354328,
        "250" : 49.488743,
        "500" : 30.381643,
        "750" : 0.015362,
        "1000" : 0.000000,
        "2000" : 0.000000,
        ">=2000" : 0.000000
      },
      "latency_depth" : 16,
      "latency_target" : 0,
      "latency_percentile" : 100.000000,
      "latency_window" : 0
    }
  ]
}
