{
  "fio version" : "fio-3.36",
  "timestamp" : 1768368616,
  "timestamp_ms" : 1768368616303,
  "time" : "Wed Jan 14 14:30:16 2026",
  "jobs" : [
    {
      "jobname" : "rand_mix_lat",
      "groupid" : 0,
      "job_start" : 1768368316291,
      "error" : 0,
      "eta" : 0,
      "elapsed" : 301,
      "job options" : {
        "name" : "rand_mix_lat",
        "directory" : "/tank/testpool",
        "ioengine" : "io_uring",
        "direct" : "1",
        "rw" : "randrw",
        "rwmixread" : "70",
        "bs" : "8k",
        "size" : "10g",
        "numjobs" : "1",
        "iodepth" : "1",
        "runtime" : "300"
      },
      "read" : {
        "io_bytes" : 14212612096,
        "io_kbytes" : 13879504,
        "bw_bytes" : 47375215,
        "bw" : 46264,
        "iops" : 5783.107390,
        "runtime" : 300001,
        "total_ios" : 1734938,
        "short_ios" : 0,
        "drop_ios" : 0,
        "slat_ns" : {
          "min" : 1072,
          "max" : 270139,
          "mean" : 3290.918048,
          "stddev" : 1151.817241,
          "N" : 1734938
        },
        "clat_ns" : {
          "min" : 330,
          "max" : 2750136,
          "mean" : 69860.626486,
          "stddev" : 83442.694894,
          "N" : 1734938,
          "percentile" : {
            "1.000000" : 18304,
            "5.000000" : 25216,
            "10.000000" : 26240,
            "20.000000" : 27520,
            "30.000000" : 28288,
            "40.000000" : 28800,
            "50.000000" : 30080,
            "60.000000" : 36096,
            "70.000000" : 41216,
            "80.000000" : 52992,
            "90.000000" : 246784,
            "95.000000" : 268288,
            "99.000000" : 292864,
            "99.500000" : 305152,
            "99.900000" : 329728,
            "99.950000" : 342016,
            "99.990000" : 489472
          }
        },
        "lat_ns" : {
          "min" : 13941,
          "max" : 2753331,
          "mean" : 73151.544534,
          "stddev" : 83607.783020,
          "N" : 1734938
        },
        "bw_min" : 31184,
        "bw_max" : 189744,
        "bw_agg" : 100.000000,
        "bw_mean" : 46280.098497,
        "bw_dev" : 14981.086750,
        "bw_samples" : 599,
        "iops_min" : 3898,
        "iops_max" : 23718,
        "iops_mean" : 5784.966611,
        "iops_stddev" : 1872.647726,
        "iops_samples" : 599
      },
      "write" : {
        "io_bytes" : 6093365248,
        "io_kbytes" : 5950552,
        "bw_bytes" : 20311149,
        "bw" : 19835,
        "iops" : 2479.388402,
        "runtime" : 300001,
        "total_ios" : 743819,
        "short_ios" : 0,
        "drop_ios" : 0,
        "slat_ns" : {
          "min" : 1081,
          "max" : 464854,
          "mean" : 3213.775478,
          "stddev" : 1324.450192,
          "N" : 743819
        },
        "clat_ns" : {
          "min" : 1492,
          "max" : 4127734,
          "mean" : 226396.639614,
          "stddev" : 60057.232573,
          "N" : 743819,
          "percentile" : {
            "1.000000" : 26752,
            "5.000000" : 62208,
            "10.000000" : 164864,
            "20.000000" : 195584,
            "30.000000" : 216064,
            "40.000000" : 230400,
            "50.000000" : 242688,
            "60.000000" : 252928,
            "70.000000" : 261120,
            "80.000000" : 268288,
            "90.000000" : 276480,
            "95.000000" : 284672,
            "99.000000" : 305152,
            "99.500000" : 313344,
            "99.900000" : 333824,
            "99.950000" : 350208,
            "99.990000" : 757760
          }
        },
        "lat_ns" : {
          "min" : 21673,
          "max" : 4133482,
          "mean" : 229610.415092,
          "stddev" : 60178.603256,
          "N" : 743819
        },
        "bw_min" : 13968,
        "bw_max" : 81312,
        "bw_agg" : 100.000000,
        "bw_mean" : 19840.158598,
        "bw_dev" : 6376.648779,
        "bw_samples" : 599,
        "iops_min" : 1746,
        "iops_max" : 10164,
        "iops_mean" : 2479.976628,
        "iops_stddev" : 797.085101,
        "iops_samples" : 599
      },
      "trim" : {
        "io_bytes" : 0,
        "io_kbytes" : 0,
        "bw_bytes" : 0,
        "bw" : 0,
        "iops" : 0.000000,
        "runtime" : 0,
        "total_ios" : 0,
        "short_ios" : 0,
        "drop_ios" : 0,
        "slat_ns" : {
          "min" : 0,
          "max" : 0,
          "mean" : 0.000000,
          "stddev" : 0.000000,
          "N" : 0
        },
        "clat_ns" : {
          "min" : 0,
          "max" : 0,
          "mean" : 0.000000,
          "stddev" : 0.000000,
          "N" : 0
        },
        "lat_ns" : {
          "min" : 0,
          "max" : 0,
          "mean" : 0.000000,
          "stddev" : 0.000000,
          "N" : 0
        },
        "bw_min" : 0,
        "bw_max" : 0,
        "bw_agg" : 0.000000,
        "bw_mean" : 0.000000,
        "bw_dev" : 0.000000,
        "bw_samples" : 0,
        "iops_min" : 0,
        "iops_max" : 0,
        "iops_mean" : 0.000000,
        "iops_stddev" : 0.000000,
        "iops_samples" : 0
      },
      "sync" : {
        "total_ios" : 0,
        "lat_ns" : {
          "min" : 0,
          "max" : 0,
          "mean" : 0.000000,
          "stddev" : 0.000000,
          "N" : 0
        }
      },
      "job_runtime" : 300000,
      "usr_cpu" : 2.332333,
      "sys_cpu" : 8.613667,
      "ctx" : 2478889,
      "majf" : 0,
      "minf" : 238,
      "iodepth_level" : {
        "1" : 100.000000,
        "2" : 0.000000,
        "4" : 0.000000,
        "8" : 0.000000,
        "16" : 0.000000,
        "32" : 0.000000,
        ">=64" : 0.000000
      },
      "iodepth_submit" : {
        "0" : 0.000000,
        "4" : 100.000000,
        "8" : 0.000000,
        "16" : 0.000000,
        "32" : 0.000000,
        "64" : 0.000000,
        ">=64" : 0.000000
      },
      "iodepth_complete" : {
        "0" : 0.000000,
        "4" : 100.000000,
        "8" : 0.000000,
        "16" : 0.000000,
        "32" : 0.000000,
        "64" : 0.000000,
        ">=64" : 0.000000
      },
      "latency_ns" : {
        "2" : 0.000000,
        "4" : 0.000000,
        "10" : 0.000000,
        "20" : 0.000000,
        "50" : 0.000000,
        "100" : 0.000000,
        "250" : 0.000000,
        "500" : 0.010000,
        "750" : 0.000000,
        "1000" : 0.000000
      },
      "latency_us" : {
        "2" : 0.010000,
        "4" : 0.010000,
        "10" : 0.000000,
        "20" : 0.870799,
        "50" : 54.985341,
        "100" : 4.016287,
        "250" : 20.832780,
        "500" : 19.282608,
        "750" : 0.010000,
        "1000" : 0.010000
      },
      "latency_ms" : {
        "2" : 0.010000,
        "4" : 0.010000,
        "10" : 0.010000,
        "20" : 0.000000,
        "50" : 0.000000,
        "100" : 0.000000,
        "250" : 0.000000,
        "500" : 0.000000,
        "750" : 0.000000,
        "1000" : 0.000000,
        "2000" : 0.000000,
        ">=2000" : 0.000000
      },
      "latency_depth" : 1,
      "latency_target" : 0,
      "latency_percentile" : 100.000000,
      "latency_window" : 0
    }
  ]
}
