{
  "fio version" : "fio-3.36",
  "timestamp" : 1768363843,
  "timestamp_ms" : 1768363843367,
  "time" : "Wed Jan 14 13:10:43 2026",
  "jobs" : [
    {
      "jobname" : "seq_read_bal",
      "groupid" : 0,
      "job_start" : 1768363543347,
      "error" : 0,
      "eta" : 0,
      "elapsed" : 301,
      "job options" : {
        "name" : "seq_read_lat",
        "directory" : "/tank/testpool",
        "ioengine" : "io_uring",
        "direct" : "1",
        "rw" : "read",
        "bs" : "1m",
        "size" : "10g",
        "numjobs" : "4",
        "iodepth" : "16",
        "runtime" : "300"
      },
      "read" : {
        "io_bytes" : 12247368728576,
        "io_kbytes" : 11960321024,
        "bw_bytes" : 40824426347,
        "bw" : 39867603,
        "iops" : 38933.206889,
        "runtime" : 300001,
        "total_ios" : 11680001,
        "short_ios" : 0,
        "drop_ios" : 0,
        "slat_ns" : {
          "min" : 641,
          "max" : 1246879,
          "mean" : 5032.626972,
          "stddev" : 5293.320164,
          "N" : 11680001
        },
        "clat_ns" : {
          "min" : 59220,
          "max" : 15302059,
          "mean" : 1638191.231898,
          "stddev" : 824801.838182,
          "N" : 11680001,
          "percentile" : {
            "1.000000" : 561152,
            "5.000000" : 700416,
            "10.000000" : 798720,
            "20.000000" : 962560,
            "30.000000" : 1105920,
            "40.000000" : 1236992,
            "50.000000" : 1400832,
            "60.000000" : 1613824,
            "70.000000" : 1908736,
            "80.000000" : 2277376,
            "90.000000" : 2801664,
            "95.000000" : 3227648,
            "99.000000" : 4145152,
            "99.500000" : 4554752,
            "99.900000" : 5734400,
            "99.950000" : 6717440,
            "99.990000" : 9109504
          }
        },
        "lat_ns" : {
          "min" : 236879,
          "max" : 15321238,
          "mean" : 1643223.858870,
          "stddev" : 824984.125627,
          "N" : 11680001
        },
        "bw_min" : 21387264,
        "bw_max" : 55793187,
        "bw_agg" : 100.000000,
        "bw_mean" : 39906966.141903,
        "bw_dev" : 1454038.347267,
        "bw_samples" : 2396,
        "iops_min" : 20886,
        "iops_max" : 54485,
        "iops_mean" : 38971.308848,
        "iops_stddev" : 1419.930696,
        "iops_samples" : 2396
      },
      "write" : {
        "io_bytes" : 0,
        "io_kbytes" : 0,
        "bw_bytes" : 0,
        "bw" : 0,
        "iops" : 0.000000,
        "runtime" : 0,
        "total_ios" : 0,
        "short_ios" : 0,
        "drop_ios" : 0,
        "slat_ns" : {
          "min" : 0,
          "max" : 0,
          "mean" : 0.000000,
          "stddev" : 0.000000,
          "N" : 0
        },
        "clat_ns" : {
          "min" : 0,
          "max" : 0,
          "mean" : 0.000000,
          "stddev" : 0.000000,
          "N" : 0
        },
        "lat_ns" : {
          "min" : 0,
          "max" : 0,
          "mean" : 0.000000,
          "stddev" : 0.000000,
          "N" : 0
        },
        "bw_min" : 0,
        "bw_max" : 0,
        "bw_agg" : 0.000000,
        "bw_mean" : 0.000000,
        "bw_dev" : 0.000000,
        "bw_samples" : 0,
        "iops_min" : 0,
        "iops_max" : 0,
        "iops_mean" : 0.000000,
        "iops_stddev" : 0.000000,
        "iops_samples" : 0
      },
      "trim" : {
        "io_bytes" : 0,
        "io_kbytes" : 0,
        "bw_bytes" : 0,
        "bw" : 0,
        "iops" : 0.000000,
        "runtime" : 0,
        "total_ios" : 0,
        "short_ios" : 0,
        "drop_ios" : 0,
        "slat_ns" : {
          "min" : 0,
          "max" : 0,
          "mean" : 0.000000,
          "stddev" : 0.000000,
          "N" : 0
        },
        "clat_ns" : {
          "min" : 0,
          "max" : 0,
          "mean" : 0.000000,
          "stddev" : 0.000000,
          "N" : 0
        },
        "lat_ns" : {
          "min" : 0,
          "max" : 0,
          "mean" : 0.000000,
          "stddev" : 0.000000,
          "N" : 0
        },
        "bw_min" : 0,
        "bw_max" : 0,
        "bw_agg" : 0.000000,
        "bw_mean" : 0.000000,
        "bw_dev" : 0.000000,
        "bw_samples" : 0,
        "iops_min" : 0,
        "iops_max" : 0,
        "iops_mean" : 0.000000,
        "iops_stddev" : 0.000000,
        "iops_samples" : 0
      },
      "sync" : {
        "total_ios" : 0,
        "lat_ns" : {
          "min" : 0,
          "max" : 0,
          "mean" : 0.000000,
          "stddev" : 0.000000,
          "N" : 0
        }
      },
      "job_runtime" : 1200000,
      "usr_cpu" : 2.007417,
      "sys_cpu" : 12.690000,
      "ctx" : 9493490,
      "majf" : 0,
      "minf" : 156,
      "iodepth_level" : {
        "1" : 0.100000,
        "2" : 0.100000,
        "4" : 0.100000,
        "8" : 0.100000,
        "16" : 99.999486,
        "32" : 0.000000,
        ">=64" : 0.000000
      },
      "iodepth_submit" : {
        "0" : 0.000000,
        "4" : 100.000000,
        "8" : 0.000000,
        "16" : 0.000000,
        "32" : 0.000000,
        "64" : 0.000000,
        ">=64" : 0.000000
      },
      "iodepth_complete" : {
        "0" : 0.000000,
        "4" : 99.999966,
        "8" : 0.000000,
        "16" : 0.100000,
        "32" : 0.000000,
        "64" : 0.000000,
        ">=64" : 0.000000
      },
      "latency_ns" : {
        "2" : 0.000000,
        "4" : 0.000000,
        "10" : 0.000000,
        "20" : 0.000000,
        "50" : 0.000000,
        "100" : 0.000000,
        "250" : 0.000000,
        "500" : 0.000000,
        "750" : 0.000000,
        "1000" : 0.000000
      },
      "latency_us" : {
        "2" : 0.000000,
        "4" : 0.000000,
        "10" : 0.000000,
        "20" : 0.000000,
        "50" : 0.000000,
        "100" : 0.010000,
        "250" : 0.010000,
        "500" : 0.298861,
        "750" : 7.083450,
        "1000" : 15.336968
      },
      "latency_ms" : {
        "2" : 49.739705,
        "4" : 26.270631,
        "10" : 1.266481,
        "20" : 0.010000,
        "50" : 0.000000,
        "100" : 0.000000,
        "250" : 0.000000,
        "500" : 0.000000,
        "750" : 0.000000,
        "1000" : 0.000000,
        "2000" : 0.000000,
        ">=2000" : 0.000000
      },
      "latency_depth" : 16,
      "latency_target" : 0,
      "latency_percentile" : 100.000000,
      "latency_window" : 0
    }
  ]
}
