{
  "fio version" : "fio-3.36",
  "timestamp" : 1768362774,
  "timestamp_ms" : 1768362774383,
  "time" : "Wed Jan 14 12:52:54 2026",
  "jobs" : [
    {
      "jobname" : "seq_read_lat",
      "groupid" : 0,
      "job_start" : 1768362474371,
      "error" : 0,
      "eta" : 0,
      "elapsed" : 301,
      "job options" : {
        "name" : "seq_read_lat",
        "directory" : "/tank/testpool",
        "ioengine" : "io_uring",
        "direct" : "1",
        "rw" : "read",
        "bs" : "1m",
        "size" : "10g",
        "numjobs" : "1",
        "iodepth" : "1",
        "runtime" : "300"
      },
      "read" : {
        "io_bytes" : 1752452562944,
        "io_kbytes" : 1711379456,
        "bw_bytes" : 5841489071,
        "bw" : 5704579,
        "iops" : 5570.878097,
        "runtime" : 300001,
        "total_ios" : 1671269,
        "short_ios" : 0,
        "drop_ios" : 0,
        "slat_ns" : {
          "min" : 1111,
          "max" : 127153,
          "mean" : 3204.526227,
          "stddev" : 516.358753,
          "N" : 1671269
        },
        "clat_ns" : {
          "min" : 130368,
          "max" : 4365527,
          "mean" : 175667.833769,
          "stddev" : 13212.649737,
          "N" : 1671269,
          "percentile" : {
            "1.000000" : 156672,
            "5.000000" : 160768,
            "10.000000" : 162816,
            "20.000000" : 166912,
            "30.000000" : 168960,
            "40.000000" : 171008,
            "50.000000" : 173056,
            "60.000000" : 175104,
            "70.000000" : 179200,
            "80.000000" : 183296,
            "90.000000" : 191488,
            "95.000000" : 195584,
            "99.000000" : 209920,
            "99.500000" : 222208,
            "99.900000" : 276480,
            "99.950000" : 288768,
            "99.990000" : 350208
          }
        },
        "lat_ns" : {
          "min" : 133923,
          "max" : 4492680,
          "mean" : 178872.359996,
          "stddev" : 13273.966614,
          "N" : 1671269
        },
        "bw_min" : 5359616,
        "bw_max" : 5818368,
        "bw_agg" : 100.000000,
        "bw_mean" : 5707946.898164,
        "bw_dev" : 52060.218578,
        "bw_samples" : 599,
        "iops_min" : 5234,
        "iops_max" : 5682,
        "iops_mean" : 5574.165275,
        "iops_stddev" : 50.839880,
        "iops_samples" : 599
      },
      "write" : {
        "io_bytes" : 0,
        "io_kbytes" : 0,
        "bw_bytes" : 0,
        "bw" : 0,
        "iops" : 0.000000,
        "runtime" : 0,
        "total_ios" : 0,
        "short_ios" : 0,
        "drop_ios" : 0,
        "slat_ns" : {
          "min" : 0,
          "max" : 0,
          "mean" : 0.000000,
          "stddev" : 0.000000,
          "N" : 0
        },
        "clat_ns" : {
          "min" : 0,
          "max" : 0,
          "mean" : 0.000000,
          "stddev" : 0.000000,
          "N" : 0
        },
        "lat_ns" : {
          "min" : 0,
          "max" : 0,
          "mean" : 0.000000,
          "stddev" : 0.000000,
          "N" : 0
        },
        "bw_min" : 0,
        "bw_max" : 0,
        "bw_agg" : 0.000000,
        "bw_mean" : 0.000000,
        "bw_dev" : 0.000000,
        "bw_samples" : 0,
        "iops_min" : 0,
        "iops_max" : 0,
        "iops_mean" : 0.000000,
        "iops_stddev" : 0.000000,
        "iops_samples" : 0
      },
      "trim" : {
        "io_bytes" : 0,
        "io_kbytes" : 0,
        "bw_bytes" : 0,
        "bw" : 0,
        "iops" : 0.000000,
        "runtime" : 0,
        "total_ios" : 0,
        "short_ios" : 0,
        "drop_ios" : 0,
        "slat_ns" : {
          "min" : 0,
          "max" : 0,
          "mean" : 0.000000,
          "stddev" : 0.000000,
          "N" : 0
        },
        "clat_ns" : {
          "min" : 0,
          "max" : 0,
          "mean" : 0.000000,
          "stddev" : 0.000000,
          "N" : 0
        },
        "lat_ns" : {
          "min" : 0,
          "max" : 0,
          "mean" : 0.000000,
          "stddev" : 0.000000,
          "N" : 0
        },
        "bw_min" : 0,
        "bw_max" : 0,
        "bw_agg" : 0.000000,
        "bw_mean" : 0.000000,
        "bw_dev" : 0.000000,
        "bw_samples" : 0,
        "iops_min" : 0,
        "iops_max" : 0,
        "iops_mean" : 0.000000,
        "iops_stddev" : 0.000000,
        "iops_samples" : 0
      },
      "sync" : {
        "total_ios" : 0,
        "lat_ns" : {
          "min" : 0,
          "max" : 0,
          "mean" : 0.000000,
          "stddev" : 0.000000,
          "N" : 0
        }
      },
      "job_runtime" : 300000,
      "usr_cpu" : 1.352667,
      "sys_cpu" : 5.598333,
      "ctx" : 1671284,
      "majf" : 0,
      "minf" : 46,
      "iodepth_level" : {
        "1" : 100.000000,
        "2" : 0.000000,
        "4" : 0.000000,
        "8" : 0.000000,
        "16" : 0.000000,
        "32" : 0.000000,
        ">=64" : 0.000000
      },
      "iodepth_submit" : {
        "0" : 0.000000,
        "4" : 100.000000,
        "8" : 0.000000,
        "16" : 0.000000,
        "32" : 0.000000,
        "64" : 0.000000,
        ">=64" : 0.000000
      },
      "iodepth_complete" : {
        "0" : 0.000000,
        "4" : 100.000000,
        "8" : 0.000000,
        "16" : 0.000000,
        "32" : 0.000000,
        "64" : 0.000000,
        ">=64" : 0.000000
      },
      "latency_ns" : {
        "2" : 0.000000,
        "4" : 0.000000,
        "10" : 0.000000,
        "20" : 0.000000,
        "50" : 0.000000,
        "100" : 0.000000,
        "250" : 0.000000,
        "500" : 0.000000,
        "750" : 0.000000,
        "1000" : 0.000000
      },
      "latency_us" : {
        "2" : 0.000000,
        "4" : 0.000000,
        "10" : 0.000000,
        "20" : 0.000000,
        "50" : 0.000000,
        "100" : 0.000000,
        "250" : 99.654993,
        "500" : 0.343990,
        "750" : 0.010000,
        "1000" : 0.010000
      },
      "latency_ms" : {
        "2" : 0.010000,
        "4" : 0.010000,
        "10" : 0.010000,
        "20" : 0.000000,
        "50" : 0.000000,
        "100" : 0.000000,
        "250" : 0.000000,
        "500" : 0.000000,
        "750" : 0.000000,
        "1000" : 0.000000,
        "2000" : 0.000000,
        ">=2000" : 0.000000
      },
      "latency_depth" : 1,
      "latency_target" : 0,
      "latency_percentile" : 100.000000,
      "latency_window" : 0
    }
  ]
}
