{
  "fio version" : "fio-3.36",
  "timestamp" : 1768364426,
  "timestamp_ms" : 1768364426856,
  "time" : "Wed Jan 14 13:20:26 2026",
  "jobs" : [
    {
      "jobname" : "seq_read_lat",
      "groupid" : 0,
      "job_start" : 1768364126828,
      "error" : 0,
      "eta" : 0,
      "elapsed" : 301,
      "job options" : {
        "name" : "seq_read_lat",
        "directory" : "/tank/testpool",
        "ioengine" : "io_uring",
        "direct" : "1",
        "rw" : "read",
        "bs" : "1m",
        "size" : "10g",
        "numjobs" : "8",
        "iodepth" : "32",
        "runtime" : "300"
      },
      "read" : {
        "io_bytes" : 11142616317952,
        "io_kbytes" : 10881461248,
        "bw_bytes" : 37141187765,
        "bw" : 36270691,
        "iops" : 35420.596853,
        "runtime" : 300007,
        "total_ios" : 10626427,
        "short_ios" : 0,
        "drop_ios" : 0,
        "slat_ns" : {
          "min" : 631,
          "max" : 11664078,
          "mean" : 5213.024384,
          "stddev" : 20431.728608,
          "N" : 10626427
        },
        "clat_ns" : {
          "min" : 6219,
          "max" : 155348731,
          "mean" : 7220773.460163,
          "stddev" : 4990336.733742,
          "N" : 10626427,
          "percentile" : {
            "1.000000" : 1695744,
            "5.000000" : 2211840,
            "10.000000" : 2572288,
            "20.000000" : 3129344,
            "30.000000" : 3784704,
            "40.000000" : 4751360,
            "50.000000" : 5931008,
            "60.000000" : 7307264,
            "70.000000" : 8978432,
            "80.000000" : 10813440,
            "90.000000" : 13172736,
            "95.000000" : 15925248,
            "99.000000" : 23461888,
            "99.500000" : 27656192,
            "99.900000" : 42729472,
            "99.950000" : 50069504,
            "99.990000" : 68681728
          }
        },
        "lat_ns" : {
          "min" : 297531,
          "max" : 155353368,
          "mean" : 7225986.484546,
          "stddev" : 4990262.134193,
          "N" : 10626427
        },
        "bw_min" : 15907789,
        "bw_max" : 60754487,
        "bw_agg" : 100.000000,
        "bw_mean" : 36305315.197324,
        "bw_dev" : 994667.937795,
        "bw_samples" : 4784,
        "iops_min" : 15533,
        "iops_max" : 59330,
        "iops_mean" : 35452.946488,
        "iops_stddev" : 971.374290,
        "iops_samples" : 4784
      },
      "write" : {
        "io_bytes" : 0,
        "io_kbytes" : 0,
        "bw_bytes" : 0,
        "bw" : 0,
        "iops" : 0.000000,
        "runtime" : 0,
        "total_ios" : 0,
        "short_ios" : 0,
        "drop_ios" : 0,
        "slat_ns" : {
          "min" : 0,
          "max" : 0,
          "mean" : 0.000000,
          "stddev" : 0.000000,
          "N" : 0
        },
        "clat_ns" : {
          "min" : 0,
          "max" : 0,
          "mean" : 0.000000,
          "stddev" : 0.000000,
          "N" : 0
        },
        "lat_ns" : {
          "min" : 0,
          "max" : 0,
          "mean" : 0.000000,
          "stddev" : 0.000000,
          "N" : 0
        },
        "bw_min" : 0,
        "bw_max" : 0,
        "bw_agg" : 0.000000,
        "bw_mean" : 0.000000,
        "bw_dev" : 0.000000,
        "bw_samples" : 0,
        "iops_min" : 0,
        "iops_max" : 0,
        "iops_mean" : 0.000000,
        "iops_stddev" : 0.000000,
        "iops_samples" : 0
      },
      "trim" : {
        "io_bytes" : 0,
        "io_kbytes" : 0,
        "bw_bytes" : 0,
        "bw" : 0,
        "iops" : 0.000000,
        "runtime" : 0,
        "total_ios" : 0,
        "short_ios" : 0,
        "drop_ios" : 0,
        "slat_ns" : {
          "min" : 0,
          "max" : 0,
          "mean" : 0.000000,
          "stddev" : 0.000000,
          "N" : 0
        },
        "clat_ns" : {
          "min" : 0,
          "max" : 0,
          "mean" : 0.000000,
          "stddev" : 0.000000,
          "N" : 0
        },
        "lat_ns" : {
          "min" : 0,
          "max" : 0,
          "mean" : 0.000000,
          "stddev" : 0.000000,
          "N" : 0
        },
        "bw_min" : 0,
        "bw_max" : 0,
        "bw_agg" : 0.000000,
        "bw_mean" : 0.000000,
        "bw_dev" : 0.000000,
        "bw_samples" : 0,
        "iops_min" : 0,
        "iops_max" : 0,
        "iops_mean" : 0.000000,
        "iops_stddev" : 0.000000,
        "iops_samples" : 0
      },
      "sync" : {
        "total_ios" : 0,
        "lat_ns" : {
          "min" : 0,
          "max" : 0,
          "mean" : 0.000000,
          "stddev" : 0.000000,
          "N" : 0
        }
      },
      "job_runtime" : 2400041,
      "usr_cpu" : 1.761470,
      "sys_cpu" : 7.401790,
      "ctx" : 8083645,
      "majf" : 0,
      "minf" : 490,
      "iodepth_level" : {
        "1" : 0.100000,
        "2" : 0.100000,
        "4" : 0.100000,
        "8" : 0.100000,
        "16" : 0.100000,
        "32" : 99.997666,
        ">=64" : 0.000000
      },
      "iodepth_submit" : {
        "0" : 0.000000,
        "4" : 100.000000,
        "8" : 0.000000,
        "16" : 0.000000,
        "32" : 0.000000,
        "64" : 0.000000,
        ">=64" : 0.000000
      },
      "iodepth_complete" : {
        "0" : 0.000000,
        "4" : 99.999925,
        "8" : 0.000000,
        "16" : 0.000000,
        "32" : 0.100000,
        "64" : 0.000000,
        ">=64" : 0.000000
      },
      "latency_ns" : {
        "2" : 0.000000,
        "4" : 0.000000,
        "10" : 0.000000,
        "20" : 0.000000,
        "50" : 0.000000,
        "100" : 0.000000,
        "250" : 0.000000,
        "500" : 0.000000,
        "750" : 0.000000,
        "1000" : 0.000000
      },
      "latency_us" : {
        "2" : 0.000000,
        "4" : 0.000000,
        "10" : 0.010000,
        "20" : 0.010000,
        "50" : 0.010000,
        "100" : 0.010000,
        "250" : 0.010000,
        "500" : 0.010000,
        "750" : 0.010000,
        "1000" : 0.010000
      },
      "latency_ms" : {
        "2" : 2.862910,
        "4" : 29.523235,
        "10" : 43.409869,
        "20" : 22.040983,
        "50" : 2.100838,
        "100" : 0.049866,
        "250" : 0.010000,
        "500" : 0.000000,
        "750" : 0.000000,
        "1000" : 0.000000,
        "2000" : 0.000000,
        ">=2000" : 0.000000
      },
      "latency_depth" : 32,
      "latency_target" : 0,
      "latency_percentile" : 100.000000,
      "latency_window" : 0
    }
  ]
}
