{
  "fio version" : "fio-3.36",
  "timestamp" : 1768369222,
  "timestamp_ms" : 1768369222709,
  "time" : "Wed Jan 14 14:40:22 2026",
  "jobs" : [
    {
      "jobname" : "rand_mix_bal",
      "groupid" : 0,
      "job_start" : 1768368922666,
      "error" : 0,
      "eta" : 0,
      "elapsed" : 301,
      "job options" : {
        "name" : "rand_mix_bal",
        "directory" : "/tank/testpool",
        "ioengine" : "io_uring",
        "direct" : "1",
        "rw" : "randrw",
        "rwmixread" : "70",
        "bs" : "8k",
        "size" : "10g",
        "numjobs" : "4",
        "iodepth" : "16",
        "runtime" : "300"
      },
      "read" : {
        "io_bytes" : 10534576128,
        "io_kbytes" : 10287672,
        "bw_bytes" : 35112327,
        "bw" : 34289,
        "iops" : 4286.172819,
        "runtime" : 300025,
        "total_ios" : 1285959,
        "short_ios" : 0,
        "drop_ios" : 0,
        "slat_ns" : {
          "min" : 731,
          "max" : 1230294,
          "mean" : 4605.872168,
          "stddev" : 4617.036088,
          "N" : 1285959
        },
        "clat_ns" : {
          "min" : 201,
          "max" : 26157777,
          "mean" : 1190312.353205,
          "stddev" : 1235218.468235,
          "N" : 1285959,
          "percentile" : {
            "1.000000" : 33536,
            "5.000000" : 40192,
            "10.000000" : 46848,
            "20.000000" : 58624,
            "30.000000" : 63232,
            "40.000000" : 69120,
            "50.000000" : 120320,
            "60.000000" : 1990656,
            "70.000000" : 2277376,
            "80.000000" : 2506752,
            "90.000000" : 2801664,
            "95.000000" : 3063808,
            "99.000000" : 3522560,
            "99.500000" : 3719168,
            "99.900000" : 4227072,
            "99.950000" : 4489216,
            "99.990000" : 5144576
          }
        },
        "lat_ns" : {
          "min" : 11037,
          "max" : 26163315,
          "mean" : 1194918.225373,
          "stddev" : 1235633.588436,
          "N" : 1285959
        },
        "bw_min" : 18736,
        "bw_max" : 774768,
        "bw_agg" : 100.000000,
        "bw_mean" : 34326.223706,
        "bw_dev" : 7847.109802,
        "bw_samples" : 2396,
        "iops_min" : 2342,
        "iops_max" : 96846,
        "iops_mean" : 4290.777963,
        "iops_stddev" : 980.888725,
        "iops_samples" : 2396
      },
      "write" : {
        "io_bytes" : 4531683328,
        "io_kbytes" : 4425472,
        "bw_bytes" : 15104352,
        "bw" : 14750,
        "iops" : 1843.793017,
        "runtime" : 300025,
        "total_ios" : 553184,
        "short_ios" : 0,
        "drop_ios" : 0,
        "slat_ns" : {
          "min" : 731,
          "max" : 1173458,
          "mean" : 4732.327399,
          "stddev" : 5039.317494,
          "N" : 553184
        },
        "clat_ns" : {
          "min" : 57868,
          "max" : 72050019,
          "mean" : 31923885.736569,
          "stddev" : 8205567.205102,
          "N" : 553184,
          "percentile" : {
            "1.000000" : 272384,
            "5.000000" : 17432576,
            "10.000000" : 26345472,
            "20.000000" : 29229056,
            "30.000000" : 30539776,
            "40.000000" : 31588352,
            "50.000000" : 32636928,
            "60.000000" : 33816576,
            "70.000000" : 34865152,
            "80.000000" : 36962304,
            "90.000000" : 39583744,
            "95.000000" : 42205184,
            "99.000000" : 46923776,
            "99.500000" : 50069504,
            "99.900000" : 55312384,
            "99.950000" : 56885248,
            "99.990000" : 60030976
          }
        },
        "lat_ns" : {
          "min" : 59630,
          "max" : 72053515,
          "mean" : 31928618.063968,
          "stddev" : 8205992.217719,
          "N" : 553184
        },
        "bw_min" : 8592,
        "bw_max" : 337088,
        "bw_agg" : 100.000000,
        "bw_mean" : 14764.741235,
        "bw_dev" : 3406.885024,
        "bw_samples" : 2396,
        "iops_min" : 1074,
        "iops_max" : 42136,
        "iops_mean" : 1845.592654,
        "iops_stddev" : 425.860628,
        "iops_samples" : 2396
      },
      "trim" : {
        "io_bytes" : 0,
        "io_kbytes" : 0,
        "bw_bytes" : 0,
        "bw" : 0,
        "iops" : 0.000000,
        "runtime" : 0,
        "total_ios" : 0,
        "short_ios" : 0,
        "drop_ios" : 0,
        "slat_ns" : {
          "min" : 0,
          "max" : 0,
          "mean" : 0.000000,
          "stddev" : 0.000000,
          "N" : 0
        },
        "clat_ns" : {
          "min" : 0,
          "max" : 0,
          "mean" : 0.000000,
          "stddev" : 0.000000,
          "N" : 0
        },
        "lat_ns" : {
          "min" : 0,
          "max" : 0,
          "mean" : 0.000000,
          "stddev" : 0.000000,
          "N" : 0
        },
        "bw_min" : 0,
        "bw_max" : 0,
        "bw_agg" : 0.000000,
        "bw_mean" : 0.000000,
        "bw_dev" : 0.000000,
        "bw_samples" : 0,
        "iops_min" : 0,
        "iops_max" : 0,
        "iops_mean" : 0.000000,
        "iops_stddev" : 0.000000,
        "iops_samples" : 0
      },
      "sync" : {
        "total_ios" : 0,
        "lat_ns" : {
          "min" : 0,
          "max" : 0,
          "mean" : 0.000000,
          "stddev" : 0.000000,
          "N" : 0
        }
      },
      "job_runtime" : 1200093,
      "usr_cpu" : 0.629118,
      "sys_cpu" : 2.353401,
      "ctx" : 2538433,
      "majf" : 0,
      "minf" : 502,
      "iodepth_level" : {
        "1" : 0.100000,
        "2" : 0.100000,
        "4" : 0.100000,
        "8" : 0.100000,
        "16" : 99.996738,
        "32" : 0.000000,
        ">=64" : 0.000000
      },
      "iodepth_submit" : {
        "0" : 0.000000,
        "4" : 100.000000,
        "8" : 0.000000,
        "16" : 0.000000,
        "32" : 0.000000,
        "64" : 0.000000,
        ">=64" : 0.000000
      },
      "iodepth_complete" : {
        "0" : 0.000000,
        "4" : 99.999783,
        "8" : 0.000000,
        "16" : 0.100000,
        "32" : 0.000000,
        "64" : 0.000000,
        ">=64" : 0.000000
      },
      "latency_ns" : {
        "2" : 0.000000,
        "4" : 0.000000,
        "10" : 0.000000,
        "20" : 0.000000,
        "50" : 0.000000,
        "100" : 0.000000,
        "250" : 0.010000,
        "500" : 0.010000,
        "750" : 0.000000,
        "1000" : 0.000000
      },
      "latency_us" : {
        "2" : 0.010000,
        "4" : 0.010000,
        "10" : 0.010000,
        "20" : 0.010000,
        "50" : 7.928802,
        "100" : 26.768500,
        "250" : 0.863228,
        "500" : 1.890609,
        "750" : 1.021128,
        "1000" : 0.141479
      },
      "latency_ms" : {
        "2" : 4.655484,
        "4" : 27.624714,
        "10" : 0.246202,
        "20" : 0.454179,
        "50" : 28.250767,
        "100" : 0.148058,
        "250" : 0.000000,
        "500" : 0.000000,
        "750" : 0.000000,
        "1000" : 0.000000,
        "2000" : 0.000000,
        ">=2000" : 0.000000
      },
      "latency_depth" : 16,
      "latency_target" : 0,
      "latency_percentile" : 100.000000,
      "latency_window" : 0
    }
  ]
}
