{
  "fio version" : "fio-3.36",
  "timestamp" : 1768365335,
  "timestamp_ms" : 1768365335900,
  "time" : "Wed Jan 14 13:35:35 2026",
  "jobs" : [
    {
      "jobname" : "seq_write_lat",
      "groupid" : 0,
      "job_start" : 1768365035880,
      "error" : 0,
      "eta" : 0,
      "elapsed" : 301,
      "job options" : {
        "name" : "seq_write_lat",
        "directory" : "/tank/testpool",
        "ioengine" : "io_uring",
        "direct" : "1",
        "rw" : "write",
        "bs" : "1m",
        "size" : "10g",
        "numjobs" : "1",
        "iodepth" : "1",
        "runtime" : "300"
      },
      "read" : {
        "io_bytes" : 0,
        "io_kbytes" : 0,
        "bw_bytes" : 0,
        "bw" : 0,
        "iops" : 0.000000,
        "runtime" : 0,
        "total_ios" : 0,
        "short_ios" : 0,
        "drop_ios" : 0,
        "slat_ns" : {
          "min" : 0,
          "max" : 0,
          "mean" : 0.000000,
          "stddev" : 0.000000,
          "N" : 0
        },
        "clat_ns" : {
          "min" : 0,
          "max" : 0,
          "mean" : 0.000000,
          "stddev" : 0.000000,
          "N" : 0
        },
        "lat_ns" : {
          "min" : 0,
          "max" : 0,
          "mean" : 0.000000,
          "stddev" : 0.000000,
          "N" : 0
        },
        "bw_min" : 0,
        "bw_max" : 0,
        "bw_agg" : 0.000000,
        "bw_mean" : 0.000000,
        "bw_dev" : 0.000000,
        "bw_samples" : 0,
        "iops_min" : 0,
        "iops_max" : 0,
        "iops_mean" : 0.000000,
        "iops_stddev" : 0.000000,
        "iops_samples" : 0
      },
      "write" : {
        "io_bytes" : 108688048128,
        "io_kbytes" : 106140672,
        "bw_bytes" : 362289870,
        "bw" : 353798,
        "iops" : 345.506545,
        "runtime" : 300003,
        "total_ios" : 103653,
        "short_ios" : 0,
        "drop_ios" : 0,
        "slat_ns" : {
          "min" : 5648,
          "max" : 4105730,
          "mean" : 49071.528253,
          "stddev" : 57826.542255,
          "N" : 103653
        },
        "clat_ns" : {
          "min" : 111990,
          "max" : 11836661,
          "mean" : 2842609.734547,
          "stddev" : 1331913.684827,
          "N" : 103653,
          "percentile" : {
            "1.000000" : 150528,
            "5.000000" : 222208,
            "10.000000" : 585728,
            "20.000000" : 1597440,
            "30.000000" : 2310144,
            "40.000000" : 2768896,
            "50.000000" : 3129344,
            "60.000000" : 3489792,
            "70.000000" : 3784704,
            "80.000000" : 4014080,
            "90.000000" : 4177920,
            "95.000000" : 4423680,
            "99.000000" : 5210112,
            "99.500000" : 5406720,
            "99.900000" : 6782976,
            "99.950000" : 7700480,
            "99.990000" : 9502720
          }
        },
        "lat_ns" : {
          "min" : 128014,
          "max" : 11875180,
          "mean" : 2891681.262800,
          "stddev" : 1328943.629195,
          "N" : 103653
        },
        "bw_min" : 178176,
        "bw_max" : 3803136,
        "bw_agg" : 100.000000,
        "bw_mean" : 353906.580968,
        "bw_dev" : 331822.597131,
        "bw_samples" : 599,
        "iops_min" : 174,
        "iops_max" : 3714,
        "iops_mean" : 345.527546,
        "iops_stddev" : 324.064260,
        "iops_samples" : 599
      },
      "trim" : {
        "io_bytes" : 0,
        "io_kbytes" : 0,
        "bw_bytes" : 0,
        "bw" : 0,
        "iops" : 0.000000,
        "runtime" : 0,
        "total_ios" : 0,
        "short_ios" : 0,
        "drop_ios" : 0,
        "slat_ns" : {
          "min" : 0,
          "max" : 0,
          "mean" : 0.000000,
          "stddev" : 0.000000,
          "N" : 0
        },
        "clat_ns" : {
          "min" : 0,
          "max" : 0,
          "mean" : 0.000000,
          "stddev" : 0.000000,
          "N" : 0
        },
        "lat_ns" : {
          "min" : 0,
          "max" : 0,
          "mean" : 0.000000,
          "stddev" : 0.000000,
          "N" : 0
        },
        "bw_min" : 0,
        "bw_max" : 0,
        "bw_agg" : 0.000000,
        "bw_mean" : 0.000000,
        "bw_dev" : 0.000000,
        "bw_samples" : 0,
        "iops_min" : 0,
        "iops_max" : 0,
        "iops_mean" : 0.000000,
        "iops_stddev" : 0.000000,
        "iops_samples" : 0
      },
      "sync" : {
        "total_ios" : 0,
        "lat_ns" : {
          "min" : 0,
          "max" : 0,
          "mean" : 0.000000,
          "stddev" : 0.000000,
          "N" : 0
        }
      },
      "job_runtime" : 300002,
      "usr_cpu" : 1.756655,
      "sys_cpu" : 0.483330,
      "ctx" : 104246,
      "majf" : 0,
      "minf" : 1349,
      "iodepth_level" : {
        "1" : 100.000000,
        "2" : 0.000000,
        "4" : 0.000000,
        "8" : 0.000000,
        "16" : 0.000000,
        "32" : 0.000000,
        ">=64" : 0.000000
      },
      "iodepth_submit" : {
        "0" : 0.000000,
        "4" : 100.000000,
        "8" : 0.000000,
        "16" : 0.000000,
        "32" : 0.000000,
        "64" : 0.000000,
        ">=64" : 0.000000
      },
      "iodepth_complete" : {
        "0" : 0.000000,
        "4" : 100.000000,
        "8" : 0.000000,
        "16" : 0.000000,
        "32" : 0.000000,
        "64" : 0.000000,
        ">=64" : 0.000000
      },
      "latency_ns" : {
        "2" : 0.000000,
        "4" : 0.000000,
        "10" : 0.000000,
        "20" : 0.000000,
        "50" : 0.000000,
        "100" : 0.000000,
        "250" : 0.000000,
        "500" : 0.000000,
        "750" : 0.000000,
        "1000" : 0.000000
      },
      "latency_us" : {
        "2" : 0.000000,
        "4" : 0.000000,
        "10" : 0.000000,
        "20" : 0.000000,
        "50" : 0.000000,
        "100" : 0.000000,
        "250" : 6.118492,
        "500" : 3.547413,
        "750" : 1.852334,
        "1000" : 2.682026
      },
      "latency_ms" : {
        "2" : 10.604613,
        "4" : 53.758212,
        "10" : 21.430156,
        "20" : 0.010000,
        "50" : 0.000000,
        "100" : 0.000000,
        "250" : 0.000000,
        "500" : 0.000000,
        "750" : 0.000000,
        "1000" : 0.000000,
        "2000" : 0.000000,
        ">=2000" : 0.000000
      },
      "latency_depth" : 1,
      "latency_target" : 0,
      "latency_percentile" : 100.000000,
      "latency_window" : 0
    }
  ]
}
